<?xml version="1.0" encoding="utf-8"?>
<extension version="3.1" type="plugin" group="system" method="upgrade">
	<name>plg_system_sunfw</name>
	<version></version>
	<creationDate>05/21/2018</creationDate>
	<author>JoomlaShine.com</author>
	<authorEmail>admin@joomlashine.com</authorEmail>
	<authorUrl>www.joomlashine.com</authorUrl>
	<copyright>Copyright (C) 2016 JoomlaShine.com. All Rights Reserved.</copyright>
	<license>GNU/GPL v2 or later http://www.gnu.org/licenses/gpl-2.0.html</license>
	<description></description>
	<template>jsn_epic2_pro</template>
	<scriptfile>installer.php</scriptfile>
	<updateservers>
		<server type="extension" priority="1" name="SunFw FrameWork Updates">http://www.joomlashine.com/versioning/extensions/sunfwframework.xml</server>
	</updateservers>
	<install>
		<sql>
			<file charset="utf8" driver="mysql">database/mysql/install.mysql.sql</file>
		</sql>
	</install>
	<uninstall>
		<sql>
			<file charset="utf8" driver="mysql">database/mysql/uninstall.mysql.sql</file>
		</sql>
	</uninstall>
	<update>
		<schemas>
			<schemapath type="mysql">database/mysql/updates</schemapath>
		</schemas>
	</update>		

	<files>
		<filename plugin="sunfw">sunfw.php</filename>
		<filename>index.html</filename>
		<filename>installer.php</filename>
		<folder>libraries</folder>
		<folder>database</folder>
	</files>
	<languages>
		<language tag="en-GB">language/en-GB/en-GB.plg_system_sunfw.ini</language>
		<language tag="en-GB">language/en-GB/en-GB.plg_system_sunfw.sys.ini</language>
	</languages>
</extension>