{"id":"26","style_id":"35","template":"jsn_epic2_pro","layout_builder_data":"{\"appliedLayout\":\"\",\"currentScreen\":\"lg\",\"settings\":{\"enable_responsive\":1,\"show_desktop_switcher\":1,\"enable_boxed_layout\":\"1\",\"width_boxed_layout\":\"960\",\"margin\":\"\",\"go_to_top\":\"1\",\"icon_go_to_top\":\"fa fa-arrow-circle-o-up\",\"text_go_to_top\":\"Go to Top\",\"color_go_to_top\":\"\",\"bg_go_to_top\":\"\",\"ps_go_to_top\":\"\",\"show_branding_link\":0,\"branding_link_text\":\"\"},\"sections\":[{\"id\":\"section_header\",\"label\":\"Header\",\"settings\":{\"name\":\"Header\",\"identification_code\":\"item_1026433280128\",\"full_width\":null,\"enable_sticky\":0,\"margin\":\"\",\"padding\":{\"top\":\"20\",\"left\":\"20\",\"right\":\"20\",\"bottom\":\"20\"},\"class\":\"epic-header\"},\"rows\":[0]},{\"id\":\"section_main-menu\",\"label\":\"Main Menu\",\"settings\":{\"name\":\"Main Menu\",\"identification_code\":\"item_1216346661604\",\"full_width\":1,\"enable_sticky\":null,\"margin\":\"\",\"padding\":\"\",\"class\":\"menu-head ismobile-style\"},\"rows\":[1]},{\"id\":\"section_content-top\",\"label\":\"Content Top\",\"settings\":{\"name\":\"Content Top\",\"identification_code\":\"item_499859975933\",\"full_width\":null,\"enable_sticky\":0,\"margin\":\"\",\"padding\":\"\",\"class\":\"\"},\"rows\":[2,6]},{\"id\":\"section_main-content\",\"label\":\"Main Content\",\"settings\":{\"name\":\"Main Content\",\"identification_code\":\"item_552073175690\",\"full_width\":null,\"enable_sticky\":0,\"margin\":\"\",\"padding\":\"\",\"class\":\"main-content\"},\"rows\":[3]},{\"id\":\"section_content-bottom\",\"label\":\"Content Bottom\",\"settings\":{\"name\":\"Content Bottom\",\"identification_code\":\"item_1279502269861\",\"full_width\":null,\"enable_sticky\":0,\"margin\":\"\",\"padding\":{\"bottom\":\"15\",\"top\":\"15\",\"left\":\"\",\"right\":\"\"},\"class\":\"lightgrey-bg\"},\"rows\":[7,4]},{\"id\":\"section_footer\",\"label\":\"Footer\",\"settings\":{\"name\":\"Footer\",\"identification_code\":\"item_998577099591\",\"full_width\":null,\"enable_sticky\":0,\"margin\":\"\",\"padding\":{\"top\":\"14\",\"bottom\":\"14\",\"left\":\"\",\"right\":\"\"},\"class\":\"footer\"},\"rows\":[5]},{\"id\":\"section_demo-builder\",\"label\":\"Demo builder\",\"settings\":{\"name\":\"Demo builder\",\"identification_code\":\"item_150770517477\",\"full_width\":1,\"enable_sticky\":0,\"margin\":\"\",\"padding\":\"\",\"class\":\"\"},\"rows\":[8]},{\"id\":\"section_top\",\"settings\":{\"name\":\"Top\",\"identification_code\":\"item_s8HuYJG1\",\"full_width\":null,\"enable_sticky\":0,\"margin\":\"\",\"padding\":\"\",\"class\":\"\"},\"rows\":[9],\"label\":\"Top\"},{\"id\":\"section_sticky-top\",\"settings\":{\"name\":\"Sticky Top\",\"identification_code\":\"item_gJ0ccsqt\",\"full_width\":1,\"enable_sticky\":0,\"margin\":\"\",\"padding\":\"\",\"class\":\"test\"},\"rows\":[10]},null,null,{\"id\":\"section_sticky-middle\",\"settings\":{\"name\":\"Sticky Middle\",\"identification_code\":\"item_gJ0ccsqt\",\"full_width\":1,\"enable_sticky\":0,\"margin\":\"\",\"padding\":\"\",\"class\":\"\"},\"rows\":[13]},{\"id\":\"section_sticky-bottom\",\"settings\":{\"name\":\"Sticky Bottom\",\"identification_code\":\"item_gJ0ccsqt\",\"full_width\":null,\"enable_sticky\":0,\"margin\":\"\",\"padding\":\"\",\"class\":\"\"},\"rows\":[14]}],\"rows\":[{\"id\":\"row_row-0\",\"label\":\"Row #0\",\"settings\":{\"name\":\"Row #0\",\"identification_code\":\"item_497667191771\",\"margin\":\"\",\"padding\":\"\",\"class\":\"\"},\"columns\":[0,22]},{\"id\":\"row_row-1\",\"label\":\"Row #1\",\"settings\":{\"name\":\"Row #1\",\"identification_code\":\"item_1266252118897\",\"margin\":\"\",\"padding\":\"\",\"class\":\"\"},\"columns\":[3]},{\"id\":\"row_row-2\",\"label\":\"Row #2\",\"settings\":{\"name\":\"Row #2\",\"identification_code\":\"item_1389587929209\",\"margin\":\"\",\"padding\":\"\",\"class\":\"\"},\"columns\":[14,4,5]},{\"id\":\"row_row-3\",\"label\":\"Row #3\",\"settings\":{\"name\":\"Row #3\",\"identification_code\":\"item_1189869660336\",\"margin\":\"\",\"padding\":\"\",\"class\":\"\"},\"columns\":[6,17,7,18,8]},{\"id\":\"row_row-4\",\"label\":\"Row #4\",\"settings\":{\"name\":\"Row #4\",\"identification_code\":\"item_929010859327\",\"margin\":\"\",\"padding\":\"\",\"class\":\"\"},\"columns\":[9,10,11]},{\"id\":\"row_row-5\",\"label\":\"Row #5\",\"settings\":[],\"columns\":[12,13]},{\"id\":\"row_row-6\",\"label\":\"Row #6\",\"settings\":{\"margin\":{\"top\":\"15\",\"left\":\"\",\"right\":\"\",\"bottom\":\"15\"},\"padding\":\"\",\"class\":\"\"},\"columns\":[15]},{\"id\":\"row_row-7\",\"label\":\"Row #7\",\"settings\":{\"name\":\"Row #7\",\"identification_code\":\"item_465551586327\",\"margin\":\"\",\"padding\":{\"bottom\":\"0\"},\"class\":\"\"},\"columns\":[16]},{\"id\":\"row_row-8\",\"label\":\"Row #8\",\"settings\":[],\"columns\":[19]},{\"id\":\"row_row-9\",\"settings\":{\"name\":\"Row #9\"},\"columns\":[21,20]},{\"id\":\"row_row-10\",\"settings\":{\"name\":\"Row #10\"},\"columns\":[23,24]},null,null,{\"id\":\"row_row-10-copy-_y13G4qtz\",\"settings\":{\"name\":\"Row #10 (copy)\"},\"columns\":[27,28]},{\"id\":\"row_row-10-copy-copy-_hT1Ftkm5\",\"settings\":{\"name\":\"Row #10 (copy) (copy)\"},\"columns\":[29,30]}],\"columns\":[{\"id\":\"column_column-0\",\"label\":\"Column #0\",\"settings\":{\"name\":\"Column #0\",\"identification_code\":\"item_1335195082227\",\"margin\":\"\",\"padding\":{\"top\":\"0\",\"left\":\"0\"},\"visible_in\":[\"lg\",\"md\",\"sm\",\"xs\"],\"class\":\"epic-logo\"},\"items\":[0],\"width\":{\"sm\":6,\"md\":6,\"lg\":6,\"xs\":12}},null,null,{\"id\":\"column_column-3\",\"label\":\"Column #3\",\"settings\":{\"class\":\"p-0\"},\"items\":[3],\"width\":{\"lg\":12,\"md\":12,\"sm\":12,\"xs\":12}},{\"id\":\"column_column-4\",\"label\":\"Column #4\",\"settings\":{\"name\":\"Column #4\",\"identification_code\":\"item_1091245453905\",\"margin\":\"\",\"padding\":{\"right\":\"0\",\"left\":\"0\"},\"visible_in\":[\"lg\",\"md\",\"sm\",\"xs\"],\"class\":\"\"},\"items\":[4],\"width\":{\"sm\":6,\"md\":6,\"lg\":6,\"xs\":12}},{\"id\":\"column_column-5\",\"label\":\"Column #5\",\"settings\":{\"name\":\"Column #5\",\"identification_code\":\"item_879508928756\",\"margin\":\"\",\"padding\":\"\",\"visible_in\":[\"lg\",\"md\",\"sm\",\"xs\"],\"class\":\"promo-right\"},\"items\":[5],\"width\":{\"sm\":3,\"md\":3,\"lg\":3,\"xs\":12}},{\"id\":\"column_column-6\",\"label\":\"Column #6\",\"settings\":{\"name\":\"Column #6\",\"identification_code\":\"item_558296399123\",\"margin\":\"\",\"padding\":{\"top\":\"15\"},\"visible_in\":[\"lg\",\"md\",\"sm\",\"xs\"],\"class\":\"content-left\"},\"items\":[6],\"width\":{\"sm\":3,\"md\":3,\"lg\":3,\"xs\":12}},{\"id\":\"column_column-7\",\"label\":\"Column #7\",\"settings\":{\"name\":\"Column #7\",\"identification_code\":\"item_147286872754\",\"margin\":\"\",\"padding\":{\"top\":\"15\",\"bottom\":\"15\",\"left\":\"\",\"right\":\"\"},\"visible_in\":[\"lg\",\"md\",\"sm\",\"xs\"],\"class\":\"\"},\"items\":[14,23,24,15,25,7,26,27,28,18,29],\"width\":{\"sm\":2,\"md\":2,\"lg\":2,\"xs\":12}},{\"id\":\"column_column-8\",\"label\":\"Column #8\",\"settings\":{\"name\":\"Column #8\",\"identification_code\":\"item_510460441700\",\"margin\":\"\",\"padding\":{\"top\":\"15\"},\"visible_in\":[\"lg\",\"md\",\"sm\",\"xs\"],\"class\":\"content-right\"},\"items\":[8],\"width\":{\"sm\":3,\"md\":3,\"lg\":3,\"xs\":12}},{\"id\":\"column_column-9\",\"label\":\"Column #9\",\"settings\":[],\"items\":[9],\"width\":{\"sm\":4,\"md\":4,\"lg\":4,\"xs\":12}},{\"id\":\"column_column-10\",\"label\":\"Column #10\",\"settings\":[],\"items\":[10],\"width\":{\"sm\":4,\"md\":4,\"lg\":4,\"xs\":12}},{\"id\":\"column_column-11\",\"label\":\"Column #11\",\"settings\":[],\"items\":[11],\"width\":{\"sm\":4,\"md\":4,\"lg\":4,\"xs\":12}},{\"id\":\"column_column-12\",\"label\":\"Column #12\",\"settings\":[],\"items\":[12],\"width\":{\"sm\":6,\"md\":6,\"lg\":6,\"xs\":12}},{\"id\":\"column_column-13\",\"label\":\"Column #13\",\"settings\":[],\"items\":[13],\"width\":{\"sm\":6,\"md\":6,\"lg\":6,\"xs\":12}},{\"id\":\"column_column-14\",\"label\":\"Column #14\",\"settings\":{\"name\":\"Column #14\",\"identification_code\":\"item_1089829237269\",\"margin\":\"\",\"padding\":\"\",\"visible_in\":[\"lg\",\"md\",\"sm\",\"xs\"],\"class\":\"\"},\"items\":[16],\"width\":{\"sm\":3,\"md\":3,\"lg\":3,\"xs\":12}},{\"id\":\"column_column-15\",\"label\":\"Column #15\",\"settings\":[],\"items\":[17],\"width\":{\"lg\":12,\"md\":12,\"sm\":12,\"xs\":12}},{\"id\":\"column_column-16\",\"label\":\"Column #16\",\"settings\":[],\"items\":[19],\"width\":{\"lg\":12,\"md\":12,\"sm\":12,\"xs\":12}},{\"id\":\"column_column-17\",\"label\":\"Column #17\",\"settings\":{\"name\":\"Column #17\",\"identification_code\":\"item_245990817695\",\"margin\":\"\",\"padding\":\"\",\"visible_in\":[\"lg\",\"md\",\"sm\",\"xs\"],\"class\":\"\"},\"items\":[20],\"width\":{\"sm\":2,\"md\":2,\"lg\":2,\"xs\":12}},{\"id\":\"column_column-18\",\"label\":\"Column #18\",\"settings\":{\"name\":\"Column #18\",\"identification_code\":\"item_1339685304373\",\"margin\":\"\",\"padding\":\"\",\"visible_in\":[\"lg\",\"md\",\"sm\",\"xs\"],\"class\":\"\"},\"items\":[21],\"width\":{\"sm\":2,\"md\":2,\"lg\":2,\"xs\":12}},{\"id\":\"column_column-19\",\"label\":\"Column #19\",\"settings\":[],\"items\":[22],\"width\":{\"lg\":12,\"md\":12,\"sm\":12,\"xs\":12}},{\"id\":\"column_column-20\",\"width\":{\"lg\":6,\"md\":6,\"sm\":6,\"xs\":6},\"settings\":{\"name\":\"Column #20\"},\"items\":[31]},{\"id\":\"column_column-21\",\"settings\":{\"name\":\"Column #21\"},\"items\":[30],\"width\":{\"lg\":6,\"md\":6,\"sm\":6,\"xs\":6}},{\"id\":\"column_column-22\",\"settings\":{\"name\":\"Column #22\",\"identification_code\":\"item_kSbnRa55\",\"margin\":\"\",\"padding\":{\"top\":\"\",\"left\":\"39\",\"right\":\"39\",\"bottom\":\"\"},\"visible_in\":[\"lg\",\"md\",\"sm\",\"xs\"],\"class\":\"align-right hidden-xs\"},\"items\":[32],\"width\":{\"lg\":6,\"md\":6,\"sm\":6,\"xs\":12}},{\"id\":\"column_column-23\",\"width\":{\"lg\":6,\"md\":6,\"sm\":6,\"xs\":12},\"settings\":{\"name\":\"Column #23\"},\"items\":[33]},{\"id\":\"column_column-23-copy-_sj4SHw3a\",\"width\":{\"lg\":6,\"md\":6,\"sm\":6,\"xs\":12},\"settings\":{\"name\":\"Column #23 (copy)\"},\"items\":[34]},null,null,{\"id\":\"column_column-23-copy-_NVfa53q8\",\"width\":{\"lg\":6,\"md\":6,\"sm\":6,\"xs\":12},\"settings\":{\"name\":\"Column #23 (copy)\"},\"items\":[37]},{\"id\":\"column_column-23-copy-copy-_ZUUfSVkE\",\"width\":{\"lg\":6,\"md\":6,\"sm\":6,\"xs\":12},\"settings\":{\"name\":\"Column #23 (copy) (copy)\"},\"items\":[38]},{\"id\":\"column_column-23-copy-copy-_TS5J7mmt\",\"width\":{\"lg\":6,\"md\":6,\"sm\":6,\"xs\":12},\"settings\":{\"name\":\"Column #23 (copy) (copy)\"},\"items\":[39]},{\"id\":\"column_column-23-copy-copy-copy-_RfR7TrpE\",\"width\":{\"lg\":6,\"md\":6,\"sm\":6,\"xs\":12},\"settings\":{\"name\":\"Column #23 (copy) (copy) (copy)\"},\"items\":[40]}],\"items\":[{\"id\":\"item_logo\",\"type\":\"logo\",\"label\":\"Logo\",\"settings\":{\"name\":\"Logo\",\"identification_code\":\"item_766600489168\",\"logo\":\"templates\\\/jsn_epic2_pro\\\/images\\\/logo.png\",\"mobile-logo\":\"\",\"alt\":\"\",\"link\":\"\",\"visible_in\":[\"lg\",\"md\",\"sm\",\"xs\"],\"class\":\"\"}},null,null,{\"id\":\"item_menu\",\"type\":\"menu\",\"label\":\"Menu\",\"settings\":{\"name\":\"Menu\",\"identification_code\":\"item_64253055577\",\"menu-type\":\"mainmenu\",\"menu-item\":\"\",\"menu-start-level\":\"1\",\"menu-end-level\":\"0\",\"menu-show-icon\":1,\"menu-show-description\":1,\"menu-show-submenu\":\"1\",\"menu-sub-effect\":\"2\",\"menu-mobile-target\":1,\"visible_in\":[\"lg\",\"md\",\"sm\",\"xs\"],\"class\":\"\"}},{\"id\":\"item_promo\",\"type\":\"module-position\",\"label\":\"Module Position\",\"settings\":{\"name\":\"Promo\",\"identification_code\":\"item_541914655093\",\"module-position\":\"promo\",\"visible_in\":[\"lg\",\"md\",\"sm\",\"xs\"],\"class\":\"\"}},{\"id\":\"item_promoright\",\"type\":\"module-position\",\"label\":\"Module Position\",\"settings\":{\"name\":\"PromoRight\",\"identification_code\":\"item_781152014779\",\"module-position\":\"promo-right\",\"visible_in\":[\"lg\",\"md\",\"sm\",\"xs\"],\"class\":\"\"}},{\"id\":\"item_left-content\",\"type\":\"module-position\",\"label\":\"Module Position\",\"settings\":{\"name\":\"Left content\",\"identification_code\":\"item_735036158254\",\"module-position\":\"left\",\"visible_in\":[\"lg\",\"md\",\"sm\",\"xs\"],\"class\":\"\"}},{\"id\":\"item_main-body\",\"type\":\"page-content\",\"label\":\"Main Body\",\"settings\":{\"name\":\"Main Body\",\"identification_code\":\"item_1018217770415\",\"show_on_front_page\":\"1\"}},{\"id\":\"item_right-content\",\"type\":\"module-position\",\"label\":\"Module Position\",\"settings\":{\"name\":\"Right content\",\"identification_code\":\"item_201503143330\",\"module-position\":\"right\",\"visible_in\":[\"lg\",\"md\",\"sm\",\"xs\"],\"class\":\"\"}},{\"id\":\"item_user5\",\"type\":\"module-position\",\"label\":\"Module Position\",\"settings\":{\"name\":\"User5\",\"identification_code\":\"item_764040334899\",\"module-position\":\"user-5\",\"visible_in\":[\"lg\",\"md\",\"sm\",\"xs\"],\"class\":\"\"}},{\"id\":\"item_user6\",\"type\":\"module-position\",\"label\":\"Module Position\",\"settings\":{\"name\":\"User6\",\"identification_code\":\"item_770952698916\",\"module-position\":\"user-6\",\"visible_in\":[\"lg\",\"md\",\"sm\",\"xs\"],\"class\":\"\"}},{\"id\":\"item_user7\",\"type\":\"module-position\",\"label\":\"Module Position\",\"settings\":{\"name\":\"User7\",\"identification_code\":\"item_589989923870\",\"module-position\":\"user-7\",\"visible_in\":[\"lg\",\"md\",\"sm\",\"xs\"],\"class\":\"\"}},{\"id\":\"item_footer\",\"type\":\"module-position\",\"label\":\"Module Position\",\"settings\":{\"name\":\"Footer\",\"identification_code\":\"item_693958852622\",\"module-position\":\"footer\",\"visible_in\":[\"lg\",\"md\",\"sm\",\"xs\"],\"class\":\"\"}},{\"id\":\"item_bottom\",\"type\":\"module-position\",\"label\":\"Module Position\",\"settings\":{\"name\":\"Bottom\",\"identification_code\":\"item_117379962400\",\"module-position\":\"bottom\",\"visible_in\":[\"lg\",\"md\",\"sm\",\"xs\"],\"class\":\"align-right\"}},{\"id\":\"item_breadcrumbs\",\"type\":\"module-position\",\"label\":\"Module Position\",\"settings\":{\"name\":\"Breadcrumbs\",\"identification_code\":\"item_967972030485\",\"module-position\":\"breadcrumbs\",\"visible_in\":[\"lg\",\"md\",\"sm\",\"xs\"],\"class\":\"\"}},{\"id\":\"item_content-inner\",\"type\":\"module-position\",\"label\":\"Module Position\",\"settings\":{\"name\":\"Content Inner\",\"identification_code\":\"item_1326976962052\",\"module-position\":\"content-inner\",\"visible_in\":[\"lg\",\"md\",\"sm\",\"xs\"],\"class\":\"\"}},{\"id\":\"item_promoleft\",\"type\":\"module-position\",\"label\":\"Module Position\",\"settings\":{\"name\":\"PromoLeft\",\"identification_code\":\"item_423572078805\",\"module-position\":\"promo-left\",\"visible_in\":[\"lg\",\"md\",\"sm\",\"xs\"],\"class\":\"\"}},{\"id\":\"item_contenttop\",\"type\":\"module-position\",\"label\":\"Module Position\",\"settings\":{\"name\":\"ContentTop\",\"identification_code\":\"item_451696526799\",\"module-position\":\"content-top\",\"visible_in\":[\"lg\",\"md\",\"sm\",\"xs\"],\"class\":\"\"}},{\"id\":\"item_userbottom\",\"type\":\"module-position\",\"label\":\"Module Position\",\"settings\":{\"name\":\"UserBottom\",\"identification_code\":\"item_945086113426\",\"module-position\":\"user-bottom\",\"visible_in\":[\"lg\",\"md\",\"sm\",\"xs\"],\"class\":\"\"}},{\"id\":\"item_contentbottom\",\"type\":\"module-position\",\"label\":\"Module Position\",\"settings\":{\"name\":\"ContentBottom\",\"identification_code\":\"item_1207222082342\",\"module-position\":\"content-bottom\",\"visible_in\":[\"lg\",\"md\",\"sm\",\"xs\"],\"class\":\"\"}},{\"id\":\"item_innerleft\",\"type\":\"module-position\",\"label\":\"Module Position\",\"settings\":{\"name\":\"Innerleft\",\"identification_code\":\"item_652679363332\",\"module-position\":\"innerleft\",\"visible_in\":[\"lg\",\"md\",\"sm\",\"xs\"],\"class\":\"\"}},{\"id\":\"item_innerright\",\"type\":\"module-position\",\"label\":\"Module Position\",\"settings\":{\"name\":\"innerright\",\"identification_code\":\"item_853864355589\",\"module-position\":\"innerright\",\"visible_in\":[\"lg\",\"md\",\"sm\",\"xs\"],\"class\":\"\"}},{\"id\":\"item_module\",\"type\":\"joomla-module\",\"label\":\"Module\",\"settings\":{\"name\":\"Module\",\"identification_code\":\"item_610932641318\",\"module\":\"Demo Builder Button:277\",\"visible_in\":[\"lg\",\"md\",\"sm\",\"xs\"],\"class\":\"\"}},{\"id\":\"item_user-1\",\"type\":\"module-position\",\"settings\":{\"name\":\"User-1\",\"identification_code\":\"item_1347591938003\",\"module-position\":\"user-1\",\"visible_in\":[\"lg\",\"md\",\"sm\",\"xs\"],\"class\":\"user-1 col-md-6 col-sm-6 col-xs-12\"}},{\"id\":\"item_user-2\",\"type\":\"module-position\",\"settings\":{\"name\":\"User-2\",\"identification_code\":\"item_1067103935350\",\"module-position\":\"user-2\",\"visible_in\":[\"lg\",\"md\",\"sm\",\"xs\"],\"class\":\"user-2 col-md-6 col-sm-6 col-xs-12\"}},{\"id\":\"item_mainbody-top\",\"type\":\"module-position\",\"settings\":{\"name\":\"Mainbody Top\",\"identification_code\":\"item_1292796363990\",\"module-position\":\"mainbody-top\",\"visible_in\":[\"lg\",\"md\",\"sm\",\"xs\"],\"class\":\"\"}},{\"id\":\"item_mainbody-bottom\",\"type\":\"module-position\",\"settings\":{\"name\":\"Mainbody Bottom\",\"identification_code\":\"item_286384694979\",\"module-position\":\"mainbody-bottom\",\"visible_in\":[\"lg\",\"md\",\"sm\",\"xs\"],\"class\":\"\"}},{\"id\":\"item_user3\",\"type\":\"module-position\",\"settings\":{\"name\":\"User3\",\"identification_code\":\"item_849240874235\",\"module-position\":\"user3\",\"visible_in\":[\"lg\",\"md\",\"sm\",\"xs\"],\"class\":\"user-3 col-md-6 col-sm-6 col-xs-12\"}},{\"id\":\"item_user4\",\"type\":\"module-position\",\"settings\":{\"name\":\"User4\",\"identification_code\":\"item_925977786273\",\"module-position\":\"user4\",\"visible_in\":[\"lg\",\"md\",\"sm\",\"xs\"],\"class\":\"user-4 col-md-6 col-sm-6 col-xs-12\"}},{\"id\":\"item_banner\",\"type\":\"module-position\",\"settings\":{\"name\":\"Banner\",\"identification_code\":\"item_593611000503\",\"module-position\":\"banner\",\"visible_in\":[\"lg\",\"md\",\"sm\",\"xs\"],\"class\":\"\"}},{\"id\":\"item_top-left\",\"type\":\"module-position\",\"settings\":{\"name\":\"Top Left\",\"identification_code\":\"item_kB79qV6D\",\"module-position\":\"topleft\",\"visible_in\":[\"lg\",\"md\",\"sm\",\"xs\"],\"class\":\"\"}},{\"id\":\"item_top-right\",\"type\":\"module-position\",\"settings\":{\"name\":\"Top Right\",\"identification_code\":\"item_zqqTDMFp\",\"module-position\":\"topright\",\"visible_in\":[\"lg\",\"md\",\"sm\",\"xs\"],\"class\":\"\"}},{\"id\":\"item_custom-html\",\"type\":\"custom-html\",\"settings\":{\"name\":\"Custom HTML\",\"identification_code\":\"item_V4YvH07A\",\"html\":\"<a class=\\\"btn btn-info\\\" href=\\\"https:\\\/\\\/www.joomlashine.com\\\/joomla-templates\\\/jsn-epic.html\\\">Download Now<\\\/a>\",\"visible_in\":[\"lg\",\"md\",\"sm\",\"xs\"],\"class\":\"\"}},{\"id\":\"item_sticky-lefttop\",\"type\":\"module-position\",\"settings\":{\"name\":\"Sticky LeftTop\",\"identification_code\":\"item_D7tw3a7R\",\"module-position\":\"stick-lefttop\",\"visible_in\":[\"lg\",\"md\",\"sm\",\"xs\"],\"class\":\"\"}},{\"id\":\"item_sticky-righttop\",\"type\":\"module-position\",\"settings\":{\"name\":\"Sticky RightTop\",\"identification_code\":\"item_Eyb8MNke\",\"module-position\":\"stick-righttop\",\"visible_in\":[\"lg\",\"md\",\"sm\",\"xs\"],\"class\":\"\"}},null,null,{\"id\":\"item_sticky-leftmiddle\",\"type\":\"module-position\",\"settings\":{\"name\":\"Sticky LeftMiddle\",\"identification_code\":\"item_D7tw3a7R\",\"module-position\":\"stick-leftmiddle\",\"visible_in\":[\"lg\",\"md\",\"sm\",\"xs\"],\"class\":\"\"}},{\"id\":\"item_sticky-rightmiddle\",\"type\":\"module-position\",\"settings\":{\"name\":\"Sticky RightMiddle\",\"identification_code\":\"item_Eyb8MNke\",\"module-position\":\"stick-rightmiddle\",\"visible_in\":[\"lg\",\"md\",\"sm\",\"xs\"],\"class\":\"\"}},{\"id\":\"item_sticky-leftbottom\",\"type\":\"module-position\",\"settings\":{\"name\":\"Sticky LeftBottom\",\"identification_code\":\"item_D7tw3a7R\",\"module-position\":\"stick-leftbottom\",\"visible_in\":[\"lg\",\"md\",\"sm\",\"xs\"],\"class\":\"\"}},{\"id\":\"item_sticky-rightbottom\",\"type\":\"module-position\",\"settings\":{\"name\":\"Sticky RightBottom\",\"identification_code\":\"item_Eyb8MNke\",\"module-position\":\"stick-rightbottom\",\"visible_in\":[\"lg\",\"md\",\"sm\",\"xs\"],\"class\":\"\"}}],\"views\":{\"main\":{\"sections\":[8,7,0,1,2,3,11,4,5,12,6]},\"top\":{\"rows\":[],\"settings\":{\"show-toggle\":1,\"anchor-position\":\"center\"}},\"right\":{\"rows\":[],\"settings\":{\"identification_code\":\"item_614583218852\",\"width\":300,\"padding\":\"\",\"anchor-position\":\"\",\"effect\":\"\",\"class-prefix\":\"\",\"visible_in\":[]}},\"bottom\":{\"rows\":[],\"settings\":{\"show-toggle\":1,\"anchor-position\":\"center\"}},\"left\":{\"rows\":[],\"settings\":{\"show-toggle\":1,\"anchor-position\":\"middle\"}}},\"enable_responsive\":\"1\",\"show_desktop_switcher\":\"1\",\"enable_boxed_layout\":\"1\",\"width_boxed_layout\":960,\"margin\":\"\",\"go_to_top\":\"1\",\"icon_go_to_top\":\"fa fa-arrow-circle-o-up\",\"text_go_to_top\":\"Go to Top\",\"screen\":\"lg\",\"editing\":\"\"}","mega_menu_data":"{\"currentLang\":\"*\",\"currentMenu\":\"mainmenu\",\"currentRoot\":\"2979\",\"selectedItem\":\"root\",\"generals\":[],\"options\":[],\"rows\":[null,null,{\"id\":\"row_row-3\",\"label\":\"Row #3\",\"settings\":{\"name\":\"Row #3\",\"margin\":\"\",\"padding\":\"\",\"class\":\"\"},\"columns\":[2,4,10]},{\"id\":\"row_row-4\",\"label\":\"Row #4\",\"settings\":[],\"columns\":[5,6,7,11]},{\"id\":\"row_row-5\",\"label\":\"Row #5\",\"settings\":[],\"columns\":[9]},{\"id\":\"row_row-5\",\"settings\":{\"name\":\"Row #5\"},\"columns\":[12,13,15,14]},{\"id\":\"row_row-6\",\"settings\":{\"name\":\"Row #6\"},\"columns\":[16]},{\"id\":\"row_row-7\",\"settings\":{\"name\":\"Row #7\"},\"columns\":[17]},null],\"columns\":{\"0\":null,\"1\":null,\"2\":{\"id\":\"column_column-3\",\"label\":\"Column #3\",\"settings\":{\"name\":\"Column #3\",\"margin\":\"\",\"padding\":\"\",\"class\":\"\"},\"blocks\":[2,11],\"width\":4},\"3\":null,\"4\":{\"id\":\"column_column-5\",\"label\":\"Column #5\",\"settings\":[],\"blocks\":[4],\"width\":4},\"5\":{\"id\":\"column_column-6\",\"label\":\"Column #6\",\"settings\":[],\"blocks\":[5],\"width\":3},\"6\":{\"id\":\"column_column-7\",\"label\":\"Column #7\",\"settings\":[],\"blocks\":[6],\"width\":3},\"7\":{\"id\":\"column_column-8\",\"label\":\"Column #8\",\"settings\":[],\"blocks\":[7],\"width\":3},\"9\":{\"id\":\"column_column-10\",\"label\":\"Column #10\",\"settings\":[],\"blocks\":[9],\"width\":12},\"10\":{\"id\":\"column_column-10\",\"settings\":{\"name\":\"Column #10\"},\"blocks\":[10],\"width\":4},\"11\":{\"id\":\"column_column-11\",\"settings\":{\"name\":\"Column #11\"},\"blocks\":[12],\"width\":3},\"12\":{\"id\":\"column_column-12\",\"width\":3,\"settings\":{\"name\":\"Column #12\",\"margin\":\"\",\"padding\":{\"top\":\"17\",\"left\":\"\",\"right\":\"\",\"bottom\":\"12\"},\"class\":\"sw-col-border\"},\"blocks\":[13]},\"13\":{\"id\":\"column_column-13\",\"settings\":{\"name\":\"Column #13\",\"margin\":\"\",\"padding\":{\"top\":\"17\",\"left\":\"\",\"right\":\"\",\"bottom\":\"12\"},\"class\":\"sw-col-border\"},\"blocks\":[14],\"width\":3},\"14\":{\"id\":\"column_column-13-copy-_wt8Kf3Ps\",\"settings\":{\"name\":\"Column #13 (copy)\",\"margin\":\"\",\"padding\":{\"top\":\"17\",\"left\":\"\",\"right\":\"\",\"bottom\":\"12\"},\"class\":\"\"},\"blocks\":[15],\"width\":3},\"15\":{\"id\":\"column_column-13-copy-_QMxGAWyq\",\"settings\":{\"name\":\"Column #13 (copy)\",\"margin\":\"\",\"padding\":{\"top\":\"17\",\"left\":\"\",\"right\":\"\",\"bottom\":\"12\"},\"class\":\"sw-col-border\"},\"blocks\":[16],\"width\":3},\"16\":{\"id\":\"column_column-16\",\"width\":12,\"settings\":{\"name\":\"Column #16\"},\"blocks\":[17]},\"17\":{\"id\":\"column_column-17\",\"width\":12,\"settings\":{\"name\":\"Column #17\"},\"blocks\":[18]}},\"blocks\":{\"0\":null,\"1\":null,\"2\":{\"id\":\"block_block-3\",\"label\":\"Block #3\",\"settings\":[],\"items\":[2]},\"3\":null,\"4\":{\"id\":\"block_block-5\",\"label\":\"Block #5\",\"settings\":[],\"items\":[4]},\"5\":{\"id\":\"block_block-6\",\"label\":\"Block #6\",\"settings\":[],\"items\":[6]},\"6\":{\"id\":\"block_block-7\",\"label\":\"Block #7\",\"settings\":[],\"items\":[7]},\"7\":{\"id\":\"block_block-8\",\"label\":\"Block #8\",\"settings\":[],\"items\":[8]},\"9\":{\"id\":\"block_block-10\",\"label\":\"Block #10\",\"settings\":[],\"items\":[10]},\"10\":{\"id\":\"block_block-10\",\"settings\":{\"name\":\"Block #10\"},\"items\":[11]},\"11\":{\"id\":\"block_block-11\",\"settings\":{\"name\":\"Block #11\"},\"items\":[12]},\"12\":{\"id\":\"block_block-12\",\"settings\":{\"name\":\"Block #12\"},\"items\":[13]},\"13\":{\"id\":\"block_block-13\",\"settings\":{\"name\":\"Block #13\"},\"items\":[14]},\"14\":{\"id\":\"block_block-14\",\"settings\":{\"name\":\"Block #14\"},\"items\":[15]},\"15\":{\"id\":\"block_block-14-copy-_w2mYStjn\",\"settings\":{\"name\":\"Block #14 (copy)\"},\"items\":[16]},\"16\":{\"id\":\"block_block-14-copy-_wKKava9H\",\"settings\":{\"name\":\"Block #14 (copy)\"},\"items\":[17]},\"17\":{\"id\":\"block_block-17\",\"settings\":{\"name\":\"Block #17\"},\"items\":[18]},\"18\":{\"id\":\"block_block-18\",\"settings\":{\"name\":\"Block #18\"},\"items\":[19]}},\"items\":{\"0\":null,\"1\":null,\"2\":{\"id\":\"item_item-3\",\"type\":\"joomla-module\",\"label\":\"Module\",\"settings\":{\"name\":\"Module\",\"module\":\"Layout:253\",\"class\":\"\"}},\"3\":null,\"4\":{\"id\":\"item_item-5\",\"type\":\"joomla-module\",\"label\":\"Module\",\"settings\":{\"name\":\"Module\",\"module\":\"Color variations:258\",\"class\":\"\"}},\"6\":{\"id\":\"item_item-7\",\"type\":\"joomla-module\",\"label\":\"Module\",\"settings\":{\"name\":\"Module\",\"module\":\"EasyBlog:220\",\"class\":\"\"}},\"7\":{\"id\":\"item_item-8\",\"type\":\"joomla-module\",\"label\":\"Module\",\"settings\":{\"name\":\"Module\",\"module\":\"Kunena Forum:219\",\"class\":\"\"}},\"8\":{\"id\":\"item_item-9\",\"type\":\"joomla-module\",\"label\":\"Module\",\"settings\":{\"name\":\"Module\",\"module\":\"K2 Content:218\",\"class\":\"\"}},\"10\":{\"id\":\"item_item-11\",\"type\":\"joomla-module\",\"label\":\"Module\",\"settings\":{\"name\":\"Module\",\"module\":\"Megamenu credit:251\",\"class\":\"\"}},\"11\":{\"id\":\"item_item-11\",\"type\":\"joomla-module\",\"settings\":{\"name\":\"Module\",\"module\":\"Menu:256\",\"class\":\"\"}},\"12\":{\"id\":\"item_item-12\",\"type\":\"joomla-module\",\"settings\":{\"name\":\"Module\",\"module\":\"Design:257\",\"class\":\"\"}},\"13\":{\"id\":\"item_item-13\",\"type\":\"image\",\"settings\":{\"name\":\"Image\",\"image\":\"images\\\/joomlashine\\\/sample\\\/img-1.png\",\"alt\":\"\",\"class\":\"\"}},\"14\":{\"id\":\"item_item-14\",\"type\":\"joomla-module\",\"settings\":{\"name\":\"Content\",\"module\":\"Content:111\",\"class\":\"\"}},\"15\":{\"id\":\"item_item-15\",\"type\":\"joomla-module\",\"settings\":{\"name\":\"User\",\"module\":\"User:19\",\"class\":\"\"}},\"16\":{\"id\":\"item_module_xwUbpUZE\",\"type\":\"joomla-module\",\"settings\":{\"name\":\"Search\",\"module\":\"Search:173\",\"class\":\"\"}},\"17\":{\"id\":\"item_module_F1vrsUkb\",\"type\":\"joomla-module\",\"settings\":{\"name\":\"Contact\",\"module\":\"Contact:172\",\"class\":\"\"}},\"18\":{\"id\":\"item_item-18\",\"type\":\"joomla-module\",\"settings\":{\"name\":\"Module\",\"module\":\"Colors Mega:263\",\"class\":\"\"}},\"19\":{\"id\":\"item_item-19\",\"type\":\"joomla-module\",\"settings\":{\"name\":\"Module\",\"module\":\"Pages Mega:264\",\"class\":\"\"}}},\"megamenu\":{\"455\":{\"settings\":{\"full\":null,\"width\":\"860\",\"align\":\"\",\"padding\":\"\",\"backgroundColor\":\"\",\"backgroundImage\":\"\",\"backgroundImageSettings\":\"\",\"border\":\"\"},\"rows\":[7]},\"478\":{\"settings\":{\"full\":\"1\",\"width\":\"580\",\"align\":\"\",\"padding\":{\"top\":\"\",\"left\":\"15\",\"right\":\"15\",\"bottom\":\"\"},\"backgroundColor\":\"\",\"backgroundImage\":\"\",\"backgroundImageSettings\":\"\",\"border\":\"\"},\"rows\":[5]},\"567\":{\"settings\":{\"full\":null,\"width\":\"920\",\"align\":\"\",\"padding\":\"\",\"backgroundColor\":\"\",\"backgroundImage\":\"\",\"backgroundImageSettings\":\"\",\"border\":\"\"},\"rows\":[6]},\"568\":{\"settings\":[],\"rows\":[]},\"961\":{\"settings\":{\"full\":\"\",\"width\":600,\"align\":\"\",\"padding\":\"\",\"backgroundColor\":\"\",\"backgroundImage\":\"\",\"backgroundImageSettings\":\"\",\"border\":\"\"},\"rows\":[3,4]},\"2979\":{\"settings\":{\"full\":\"1\",\"width\":\"600\",\"align\":\"left\",\"padding\":\"\",\"backgroundColor\":\"\",\"backgroundImage\":\"\",\"backgroundImageSettings\":\"\",\"border\":\"\"},\"rows\":[2]}},\"settings\":[],\"lang\":\"*\",\"menu\":\"mainmenu\",\"root\":\"568\",\"editing\":\"\"}","appearance_data":"{\"appliedStyle\":\"Default\",\"currentGroup\":\"general\",\"general\":{\"page\":{\"outer-background-color\":\"#172534\",\"outer-background-image\":\"templates\\\/jsn_epic2_pro\\\/images\\\/backgrounds\\\/bg-master.jpg\",\"outer-background-image-settings\":{\"repeat\":\"repeat-x\",\"position\":\"left top\",\"attachment\":\"fixed\"}},\"page-inner\":{\"inner-background-color\":\"#ffffff\",\"inner-border\":{\"universal\":\"0\",\"right-width\":\"2\",\"right-style\":\"solid\",\"right-color\":\"#000000\",\"left-width\":\"2\",\"left-style\":\"solid\",\"left-color\":\"#000000\"},\"inner-box-shadow\":\"\"},\"content\":{\"text-color\":\"#000000\",\"content-font-type\":\"standard\",\"content-standard-font-family\":\"Arial, Helvetica, sans-serif\",\"content-google-font-family\":\"\",\"font-weight\":\"\",\"font-size-base\":\"12\",\"line-height-base\":\"1.7\",\"content-custom-font-file\":\"\"},\"heading\":{\"headings-color\":\"#000000\",\"headings-font-type\":\"standard\",\"headings-standard-font-family\":\"Arial, Helvetica, sans-serif\",\"headings-google-font-family\":{\"family\":\"Nobile:regular,italic,700\",\"variant\":\"700\"},\"headings-font-weight\":\"bold\",\"headings-font-style\":\"\",\"headings-text-transform\":\"\",\"headings-text-shadow\":\"\",\"headings-base-size\":\"8\",\"headings-line-height\":\"1.5\",\"headings-letter-spacing\":0,\"headings-custom-font-file\":\"\"},\"link\":{\"link-color\":\"#009aca\",\"link-hover-color\":\"#444444\"},\"default-button\":{\"btn-default-padding\":{\"top\":\"8\",\"bottom\":\"8\",\"right\":\"30\",\"left\":\"30\"},\"btn-default-bg\":\"\",\"btn-default-border-all\":{\"universal\":\"1\",\"width\":\"1\",\"style\":\"solid\",\"color\":\"#999999\",\"top-width\":\"\",\"top-style\":\"\",\"top-color\":\"\",\"right-width\":\"\",\"right-style\":\"\",\"right-color\":\"\",\"bottom-width\":\"\",\"bottom-style\":\"\",\"bottom-color\":\"\",\"left-width\":\"\",\"left-style\":\"\",\"left-color\":\"\"},\"btn-default-radius\":{\"top-left\":\"5\",\"bottom-left\":\"5\",\"top-right\":\"5\",\"bottom-right\":\"5\"},\"btn-default-box-shadow\":\"\",\"btn-default-color\":\"#000000\",\"btn-default-font-weight\":\"bold\",\"btn-default-font-style\":\"\",\"btn-default-text-transform\":\"\",\"btn-default-text-shadow\":\"\",\"btn-default-base-size\":\"12\",\"btn-default-letter-spacing\":0,\"btn-default-bg-hover\":\"\",\"btn-default-border-hover\":\"\",\"btn-default-color-hover\":\"\"},\"color\":{\"main-color\":\"#009aca\",\"sub-color\":\"#F86201\"},\"primary-button\":{\"btn-primary-bg\":\"\",\"btn-primary-border-all\":{\"universal\":\"1\",\"width\":\"1\",\"style\":\"solid\",\"color\":\"#000000\",\"top-width\":\"\",\"top-style\":\"\",\"top-color\":\"\",\"right-width\":\"\",\"right-style\":\"\",\"right-color\":\"\",\"bottom-width\":\"\",\"bottom-style\":\"\",\"bottom-color\":\"\",\"left-width\":\"\",\"left-style\":\"\",\"left-color\":\"\"},\"btn-primary-box-shadow\":{\"blur\":\"0\",\"color\":\"\",\"inset\":\"inset\",\"spread\":\"0\",\"h-shadow\":\"0\",\"v-shadow\":\"2\"},\"btn-primary-color\":\"\",\"btn-primary-text-shadow\":\"\",\"btn-primary-bg-hover\":\"\",\"btn-primary-border-hover\":\"\",\"btn-primary-color-hover\":\"\"}},\"sections\":{\"section_header\":{\"link\":{\"link-color\":\"\",\"link-hover-color\":\"#444444\",\"custom\":\"1\",\"link-color-hover\":\"\"},\"heading\":{\"headings-color\":\"\",\"headings-font-type\":\"standard\",\"headings-standard-font-family\":\"Arial, Helvetica, sans-serif\",\"headings-google-font-family\":{\"family\":\"Nobile:regular,italic,700\",\"variant\":\"700\"},\"headings-font-weight\":\"bold\",\"headings-font-style\":\"\",\"headings-text-transform\":\"\",\"headings-text-shadow\":\"\",\"headings-base-size\":\"8\",\"headings-line-height\":\"1.5\",\"headings-letter-spacing\":0,\"headings-custom-font-file\":\"\",\"custom\":\"1\"}},\"section_main-menu\":{\"container\":{\"background-color\":\"#282828\",\"background-image\":\"\",\"background-image-settings\":\"\",\"border\":{\"universal\":\"0\",\"width\":\"\",\"style\":\"\",\"color\":\"\",\"top-width\":\"0\",\"top-style\":\"\",\"top-color\":\"\",\"right-width\":\"0\",\"right-style\":\"\",\"right-color\":\"\",\"bottom-width\":\"1\",\"bottom-style\":\"solid\",\"bottom-color\":\"#000000\",\"left-width\":\"0\",\"left-style\":\"\",\"left-color\":\"\"}}},\"section_content-top\":{\"container\":{\"background-color\":\"#595959\",\"background-image\":\"\",\"background-image-settings\":{\"repeat\":\"repeat-x\",\"attachment\":\"scroll\",\"position\":\"left top\"},\"border\":{\"universal\":\"0\",\"width\":\"\",\"bottom-width\":\"5\",\"bottom-style\":\"solid\",\"bottom-color\":\"#404040\"}}},\"section_footer\":{\"container\":{\"background-color\":\"#ffffff\",\"background-image\":\"\",\"background-image-settings\":\"\",\"border\":{\"universal\":\"0\",\"top-width\":\"1\",\"top-style\":\"solid\",\"top-color\":\"#b3b3b3\"}},\"content\":{\"custom\":\"1\",\"color\":\"#595959\",\"font-size-base\":\"11\",\"line-height\":\"1.7\"}},\"section_top\":{\"container\":{\"background-color\":\"#f4f4f4\",\"background-image\":\"\",\"background-image-settings\":\"\",\"border\":{\"universal\":\"0\",\"width\":\"\",\"style\":\"\",\"color\":\"\",\"top-width\":\"0\",\"top-style\":\"\",\"top-color\":\"\",\"right-width\":\"0\",\"right-style\":\"\",\"right-color\":\"\",\"bottom-width\":\"1\",\"bottom-style\":\"solid\",\"bottom-color\":\"#dadada\",\"left-width\":\"0\",\"left-style\":\"\",\"left-color\":\"\"}},\"heading\":{\"headings-color\":\"\",\"headings-font-type\":\"standard\",\"headings-standard-font-family\":\"Arial, Helvetica, sans-serif\",\"headings-google-font-family\":{\"family\":\"Nobile:regular,italic,700\",\"variant\":\"700\"},\"headings-font-weight\":\"bold\",\"headings-font-style\":\"\",\"headings-text-transform\":\"\",\"headings-text-shadow\":\"\",\"headings-base-size\":\"8\",\"headings-line-height\":\"1.5\",\"headings-letter-spacing\":0,\"headings-custom-font-file\":\"\",\"custom\":\"1\"}},\"section_content-bottom\":{\"container\":{\"background-color\":\"\",\"background-image\":\"\",\"background-image-settings\":{\"repeat\":\"repeat-x\",\"attachment\":\"scroll\",\"position\":\"left top\"},\"border\":{\"universal\":\"0\",\"bottom-width\":\"5\",\"bottom-style\":\"solid\",\"bottom-color\":\"#404040\",\"width\":\"\",\"style\":\"\",\"color\":\"\",\"top-width\":\"1\",\"top-style\":\"solid\",\"top-color\":\"#a2a2a2\",\"right-width\":\"\",\"right-style\":\"\",\"right-color\":\"\",\"left-width\":\"\",\"left-style\":\"\",\"left-color\":\"\"}}}},\"module\":{\"module-style-gray\":{\"title\":{\"bg-color\":\"\",\"text-color\":\"\",\"text-transform\":\"\",\"font-size\":\"15\",\"text-icon-size\":\"\",\"text-icon-color\":\"\",\"font-weight\":\"bold\"},\"content\":{\"color\":\"\",\"font-size\":\"12\"},\"container\":{\"padding\":{\"top\":\"14\",\"left\":\"14\",\"right\":\"14\",\"bottom\":\"14\"},\"background-color\":\"\",\"background-image\":\"\",\"background-image-settings\":\"\",\"border\":\"\"}},\"module-style-richbox\":{\"container\":{\"padding\":\"\",\"background-color\":\"#323232\",\"background-image\":\"images\\\/joomlashine\\\/sample\\\/richbox-1.png\",\"background-image-settings\":{\"repeat\":\"repeat-x\",\"attachment\":\"scroll\",\"position\":\"left bottom\"},\"border\":\"\"},\"title\":{\"bg-color\":\"\",\"text-color\":\"#ffffff\",\"text-transform\":\"\",\"font-size\":\"15\",\"text-icon-size\":\"\",\"text-icon-color\":\"#FED311\",\"font-weight\":\"bold\"},\"content\":{\"color\":\"#ffffff\",\"font-size\":\"12\"}},\"module-style-solid\":{\"container\":{\"padding\":{\"top\":\"14\",\"bottom\":\"14\",\"right\":\"14\",\"left\":\"14\"},\"background-color\":\"\",\"background-image\":\"\",\"background-image-settings\":{\"repeat\":\"repeat-x\",\"attachment\":\"scroll\",\"position\":\"left bottom\"},\"border\":\"\"},\"title\":{\"bg-color\":\"\",\"text-color\":\"#000000\",\"text-transform\":\"\",\"font-size\":\"15\",\"text-icon-size\":\"\",\"text-icon-color\":\"\",\"font-weight\":\"bold\"},\"content\":{\"color\":\"\",\"font-size\":\"12\"}},\"module-style-green\":{\"container\":{\"padding\":{\"top\":\"14\",\"left\":\"14\",\"bottom\":\"14\",\"right\":\"14\"},\"background-color\":\"#fafef5\",\"background-image\":\"images\\\/joomlashine\\\/sample\\\/box-green.png\",\"background-image-settings\":{\"repeat\":\"repeat-x\",\"attachment\":\"scroll\",\"position\":\"left bottom\"},\"border\":\"\"},\"title\":{\"bg-color\":\"\",\"text-color\":\"#000000\",\"text-transform\":\"\",\"font-size\":\"15\",\"text-icon-size\":\"\",\"text-icon-color\":\"\",\"font-weight\":\"bold\"},\"content\":{\"color\":\"\",\"font-size\":\"12\"}},\"module-style-blue\":{\"title\":{\"bg-color\":\"\",\"text-color\":\"#000000\",\"text-transform\":\"\",\"font-size\":\"15\",\"text-icon-size\":\"\",\"text-icon-color\":\"\",\"font-weight\":\"bold\"},\"container\":{\"padding\":{\"top\":\"14\",\"left\":\"14\",\"right\":\"14\",\"bottom\":\"14\"},\"background-color\":\"#f5fcfe\",\"background-image\":\"images\\\/joomlashine\\\/sample\\\/box-blue.png\",\"background-image-settings\":{\"repeat\":\"repeat-x\",\"attachment\":\"scroll\",\"position\":\"left bottom\"},\"border\":\"\"},\"content\":{\"color\":\"\",\"font-size\":\"12\"}},\"module-style-blue2\":{\"container\":{\"padding\":\"\",\"background-color\":\"\",\"background-image\":\"\",\"background-image-settings\":{\"repeat\":\"repeat-x\",\"attachment\":\"scroll\",\"position\":\"left bottom\"},\"border\":\"\"},\"title\":{\"bg-color\":\"\",\"text-color\":\"#ffffff\",\"text-transform\":\"\",\"font-size\":\"15\",\"text-icon-size\":\"\",\"text-icon-color\":\"\",\"font-weight\":\"bold\"},\"link\":{\"link-color\":\"\",\"link-hover-color\":\"\"},\"content\":{\"color\":\"#ffffff\",\"font-size\":\"12\"}},\"lightbox-1\":{\"container\":{\"padding\":{\"top\":\"20\",\"left\":\"15\",\"right\":\"15\",\"bottom\":\"15\"},\"background-color\":\"\",\"background-image\":\"\",\"background-image-settings\":\"\",\"border\":{\"universal\":\"1\",\"width\":\"1\",\"style\":\"solid\",\"color\":\"#d3d3d3\",\"top-width\":\"\",\"top-style\":\"\",\"top-color\":\"\",\"right-width\":\"\",\"right-style\":\"\",\"right-color\":\"\",\"bottom-width\":\"\",\"bottom-style\":\"\",\"bottom-color\":\"\",\"left-width\":\"\",\"left-style\":\"\",\"left-color\":\"\"}},\"title\":{\"bg-color\":\"\",\"text-color\":\"#000000\",\"font-weight\":\"bold\",\"text-transform\":\"\",\"font-size\":\"15\",\"text-icon-size\":\"\",\"text-icon-color\":\"\"},\"content\":{\"color\":\"\",\"font-size\":\"12\"}},\"lightbox-2\":{\"container\":{\"padding\":{\"top\":\"20\",\"left\":\"15\",\"right\":\"15\",\"bottom\":\"15\"},\"background-color\":\"\",\"background-image\":\"\",\"background-image-settings\":\"\",\"border\":{\"universal\":\"1\",\"width\":\"1\",\"style\":\"solid\",\"color\":\"#d3d3d3\",\"top-width\":\"\",\"top-style\":\"\",\"top-color\":\"\",\"right-width\":\"\",\"right-style\":\"\",\"right-color\":\"\",\"bottom-width\":\"\",\"bottom-style\":\"\",\"bottom-color\":\"\",\"left-width\":\"\",\"left-style\":\"\",\"left-color\":\"\"}},\"title\":{\"bg-color\":\"\",\"text-color\":\"#000000\",\"font-weight\":\"bold\",\"text-transform\":\"\",\"font-size\":\"15\",\"text-icon-size\":\"\",\"text-icon-color\":\"\"},\"content\":{\"color\":\"\",\"font-size\":\"12\"}},\"richbox-1\":{\"title\":{\"bg-color\":\"\",\"text-color\":\"#ffffff\",\"font-weight\":\"bold\",\"text-transform\":\"\",\"font-size\":\"15\",\"text-icon-size\":\"\",\"text-icon-color\":\"\"},\"content\":{\"color\":\"#ffffff\",\"font-size\":\"12\"},\"container\":{\"padding\":\"\",\"background-color\":\"\",\"background-image\":\"\",\"background-image-settings\":\"\",\"border\":{\"universal\":\"1\",\"width\":\"1\",\"style\":\"solid\",\"color\":\"#000000\",\"top-width\":\"\",\"top-style\":\"\",\"top-color\":\"\",\"right-width\":\"\",\"right-style\":\"\",\"right-color\":\"\",\"bottom-width\":\"\",\"bottom-style\":\"\",\"bottom-color\":\"\",\"left-width\":\"\",\"left-style\":\"\",\"left-color\":\"\"}}},\"richbox-2\":{\"title\":{\"bg-color\":\"\",\"text-color\":\"#ffffff\",\"font-weight\":\"bold\",\"text-transform\":\"\",\"font-size\":\"15\",\"text-icon-size\":\"\",\"text-icon-color\":\"\"},\"content\":{\"color\":\"#ffffff\",\"font-size\":\"12\"},\"container\":{\"padding\":\"\",\"background-color\":\"\",\"background-image\":\"\",\"background-image-settings\":\"\",\"border\":{\"universal\":\"1\",\"width\":\"1\",\"style\":\"solid\",\"color\":\"#1d354d\",\"top-width\":\"\",\"top-style\":\"\",\"top-color\":\"\",\"right-width\":\"\",\"right-style\":\"\",\"right-color\":\"\",\"bottom-width\":\"\",\"bottom-style\":\"\",\"bottom-color\":\"\",\"left-width\":\"\",\"left-style\":\"\",\"left-color\":\"\"}}},\"solid-1\":{\"title\":{\"bg-color\":\"\",\"text-color\":\"#000000\",\"font-weight\":\"bold\",\"text-transform\":\"\",\"font-size\":\"15\",\"text-icon-size\":\"\",\"text-icon-color\":\"\"},\"content\":{\"color\":\"\",\"font-size\":\"12\"},\"container\":{\"padding\":{\"top\":\"15\",\"left\":\"15\",\"right\":\"15\",\"bottom\":\"15\"},\"background-color\":\"\",\"background-image\":\"\",\"background-image-settings\":\"\",\"border\":\"\"}},\"solid-2\":{\"title\":{\"bg-color\":\"\",\"text-color\":\"#000000\",\"font-weight\":\"bold\",\"text-transform\":\"\",\"font-size\":\"15\",\"text-icon-size\":\"\",\"text-icon-color\":\"\"},\"content\":{\"color\":\"\",\"font-size\":\"12\"},\"container\":{\"padding\":{\"top\":\"15\",\"left\":\"15\",\"right\":\"15\",\"bottom\":\"15\"},\"background-color\":\"\",\"background-image\":\"\",\"background-image-settings\":\"\",\"border\":\"\"}}},\"menu\":{\"item_menu\":{\"root\":{\"font-size\":\"14\",\"text-transform\":\"\",\"background-color\":\"\",\"color\":\"#cccccc\",\"background-color-hover\":\"#000000\",\"link-color-hover\":\"#ffffff\",\"font-type\":\"standard\",\"standard-font-family\":\"Arial, Helvetica, sans-serif\",\"google-font-family\":\"\",\"custom-font-file\":\"\"},\"dropdown\":{\"font-size\":\"12\",\"text-transform\":\"\",\"width-dropdown\":\"\",\"background-color\":\"#282828\",\"color\":\"rgba(255, 255, 255, 0.5)\",\"background-color-hover\":\"rgba(0, 0, 0, 0)\",\"link-color-hover\":\"#ffffff\"}}},\"styles\":{\"Green\":{\"data\":{\"appliedStyle\":\"\",\"currentGroup\":\"general\",\"editing\":\"color\",\"general\":{\"page\":{\"outer-background-color\":\"#253813\",\"outer-background-image\":\"images\\\/joomlashine\\\/sample\\\/bg-green.jpeg\",\"outer-background-image-settings\":{\"repeat\":\"repeat-x\",\"position\":\"left top\",\"attachment\":\"fixed\"}},\"page-inner\":{\"inner-background-color\":\"#ffffff\",\"inner-border\":{\"universal\":\"0\",\"right-width\":\"2\",\"right-style\":\"solid\",\"right-color\":\"#000000\",\"left-width\":\"2\",\"left-style\":\"solid\",\"left-color\":\"#000000\"},\"inner-box-shadow\":\"\"},\"content\":{\"text-color\":\"#333333\",\"content-font-type\":\"standard\",\"content-standard-font-family\":\"Arial, Helvetica, sans-serif\",\"content-google-font-family\":\"\",\"font-weight\":\"\",\"font-size-base\":\"12\",\"line-height-base\":\"1.7\"},\"heading\":{\"headings-color\":\"#000\",\"headings-font-type\":\"google\",\"headings-standard-font-family\":\"\",\"headings-google-font-family\":{\"family\":\"Nobile:regular,italic,700\",\"variant\":\"700\"},\"headings-font-weight\":\"\",\"headings-font-style\":\"\",\"headings-text-transform\":\"\",\"headings-text-shadow\":\"\",\"headings-base-size\":\"7\",\"headings-line-height\":\"1.7\",\"headings-letter-spacing\":0},\"link\":{\"link-color\":\"\",\"link-hover-color\":\"#444444\"},\"default-button\":{\"btn-default-padding\":{\"top\":\"6\",\"bottom\":\"6\",\"right\":\"12\",\"left\":\"12\"},\"btn-default-bg\":\"\",\"btn-default-border-all\":{\"universal\":\"1\",\"width\":\"1\",\"style\":\"solid\",\"color\":\"#cccccc\"},\"btn-default-radius\":\"\",\"btn-default-box-shadow\":\"\",\"btn-default-color\":\"#333333\",\"btn-default-font-weight\":\"bold\",\"btn-default-font-style\":\"\",\"btn-default-text-transform\":\"\",\"btn-default-text-shadow\":\"\",\"btn-default-base-size\":\"13\",\"btn-default-letter-spacing\":0,\"btn-default-bg-hover\":\"\",\"btn-default-border-hover\":\"\",\"btn-default-color-hover\":\"\"},\"color\":{\"main-color\":\"#429e00\",\"sub-color\":\"#F86201\"}},\"sections\":{\"section_header\":{\"link\":{\"custom\":\"1\",\"link-color\":\"#000000\",\"link-color-hover\":\"#000000\"}},\"section_main-menu\":{\"container\":{\"background-color\":\"#282828\",\"background-image\":\"\",\"background-image-settings\":\"\",\"border\":\"\"}},\"section_content-top\":{\"container\":{\"background-color\":\"#595959\",\"background-image\":\"images\\\/joomlashine\\\/sample\\\/bg-promo.jpg\",\"background-image-settings\":{\"repeat\":\"repeat-x\",\"attachment\":\"scroll\",\"position\":\"left top\"},\"border\":{\"universal\":\"0\",\"width\":\"\",\"bottom-width\":\"5\",\"bottom-style\":\"solid\",\"bottom-color\":\"#404040\"}}},\"section_footer\":{\"container\":{\"background-color\":\"#ffffff\",\"background-image\":\"\",\"background-image-settings\":\"\",\"border\":{\"universal\":\"0\",\"top-width\":\"1\",\"top-style\":\"solid\",\"top-color\":\"#b3b3b3\"}},\"content\":{\"custom\":\"1\",\"color\":\"#595959\",\"font-size-base\":\"11\",\"line-height\":\"1.7\"}},\"section_content-bottoms\":{\"container\":{\"background-color\":\"#d9d9d9\",\"background-image\":\"images\\\/joomlashine\\\/sample\\\/bg-usermodules3.png\",\"background-image-settings\":{\"repeat\":\"repeat-x\",\"attachment\":\"scroll\",\"position\":\"left top\"},\"border\":{\"universal\":\"0\",\"bottom-width\":\"6\",\"bottom-style\":\"solid\",\"bottom-color\":\"#404040\"}}}},\"module\":{\"module-style-gray\":{\"title\":{\"bg-color\":\"\",\"text-color\":\"#ffffff\",\"text-transform\":\"\",\"font-size\":\"15\",\"text-icon-size\":\"\",\"text-icon-color\":\"\"},\"content\":{\"color\":\"#D4D4D4\",\"font-size\":\"\"}},\"module-style-richbox\":{\"container\":{\"padding\":\"\",\"background-color\":\"#323232\",\"background-image\":\"images\\\/joomlashine\\\/sample\\\/richbox-1.png\",\"background-image-settings\":{\"repeat\":\"repeat-x\",\"attachment\":\"scroll\",\"position\":\"left bottom\"},\"border\":\"\"},\"title\":{\"bg-color\":\"\",\"text-color\":\"#ffffff\",\"text-transform\":\"\",\"font-size\":\"15\",\"text-icon-size\":\"\",\"text-icon-color\":\"#FED311\"}},\"module-style-solid\":{\"container\":{\"padding\":{\"top\":\"15\",\"bottom\":\"15\",\"right\":\"15\",\"left\":\"15\"},\"background-color\":\"#fefef5\",\"background-image\":\"images\\\/joomlashine\\\/sample\\\/solid-1.png\",\"background-image-settings\":{\"repeat\":\"repeat-x\",\"attachment\":\"scroll\",\"position\":\"left bottom\"},\"border\":\"\"},\"title\":{\"bg-color\":\"\",\"text-color\":\"#000000\",\"text-transform\":\"\",\"font-size\":\"15\",\"text-icon-size\":\"\",\"text-icon-color\":\"\"}},\"module-style-green\":{\"container\":{\"padding\":{\"top\":\"15\",\"left\":\"15\",\"bottom\":\"15\",\"right\":\"15\"},\"background-color\":\"#fafef5\",\"background-image\":\"images\\\/joomlashine\\\/sample\\\/box-green.png\",\"background-image-settings\":{\"repeat\":\"repeat-x\",\"attachment\":\"scroll\",\"position\":\"left bottom\"},\"border\":\"\"},\"title\":{\"bg-color\":\"\",\"text-color\":\"#000000\",\"text-transform\":\"\",\"font-size\":\"15\",\"text-icon-size\":\"\",\"text-icon-color\":\"\"}},\"module-style-blue\":{\"title\":{\"bg-color\":\"\",\"text-color\":\"#000000\",\"text-transform\":\"\",\"font-size\":\"15\",\"text-icon-size\":\"\",\"text-icon-color\":\"\"},\"container\":{\"padding\":{\"top\":\"15\",\"left\":\"15\",\"right\":\"15\",\"bottom\":\"15\"},\"background-color\":\"#f5fcfe\",\"background-image\":\"images\\\/joomlashine\\\/sample\\\/box-blue.png\",\"background-image-settings\":{\"repeat\":\"repeat-x\",\"attachment\":\"scroll\",\"position\":\"left bottom\"},\"border\":\"\"}},\"module-style-blue2\":{\"container\":{\"padding\":{\"top\":\"0\",\"bottom\":\"15\",\"right\":\"15\",\"left\":\"15\"},\"background-color\":\"#2b5783\",\"background-image\":\"images\\\/joomlashine\\\/sample\\\/richbox-2.png\",\"background-image-settings\":{\"repeat\":\"repeat-x\",\"attachment\":\"scroll\",\"position\":\"left bottom\"},\"border\":\"\"},\"title\":{\"bg-color\":\"\",\"text-color\":\"#ffffff\",\"text-transform\":\"\",\"font-size\":\"15\",\"text-icon-size\":\"\",\"text-icon-color\":\"\"},\"link\":{\"link-color\":\"\",\"link-hover-color\":\"\"}}},\"menu\":{\"item_menu\":{\"root\":{\"font-size\":\"13\",\"text-transform\":\"\",\"background-color\":\"\",\"color\":\"#cccccc\",\"background-color-hover\":\"\",\"link-color-hover\":\"#ffffff\"}}},\"changed\":false},\"label\":\"Green\",\"thumb\":\"https:\\\/\\\/placeholdit.imgix.net\\\/~text?txtsize=30&txt=320%C3%97240&w=320&h=240\"},\"Red\":{\"label\":\"Red\",\"file\":\"\\\/templates\\\/jsn_epic2\\\/styles\\\/Red.json\",\"thumb\":\"https:\\\/\\\/placeholdit.imgix.net\\\/~text?txtsize=30&txt=320%C3%97240&w=320&h=240\",\"data\":{\"appliedStyle\":\"\",\"currentGroup\":\"general\",\"editing\":\"page\",\"general\":{\"page\":{\"outer-background-color\":\"#3b0f0f\",\"outer-background-image\":\"images\\\/joomlashine\\\/sample\\\/bg-red.jpeg\",\"outer-background-image-settings\":{\"repeat\":\"repeat-x\",\"position\":\"left top\",\"attachment\":\"fixed\"}},\"page-inner\":{\"inner-background-color\":\"#ffffff\",\"inner-border\":{\"universal\":\"0\",\"right-width\":\"2\",\"right-style\":\"solid\",\"right-color\":\"#000000\",\"left-width\":\"2\",\"left-style\":\"solid\",\"left-color\":\"#000000\"},\"inner-box-shadow\":\"\"},\"content\":{\"text-color\":\"#333333\",\"content-font-type\":\"standard\",\"content-standard-font-family\":\"Arial, Helvetica, sans-serif\",\"content-google-font-family\":\"\",\"font-weight\":\"\",\"font-size-base\":\"12\",\"line-height-base\":\"1.7\"},\"heading\":{\"headings-color\":\"#000\",\"headings-font-type\":\"google\",\"headings-standard-font-family\":\"\",\"headings-google-font-family\":{\"family\":\"Nobile:regular,italic,700\",\"variant\":\"700\"},\"headings-font-weight\":\"\",\"headings-font-style\":\"\",\"headings-text-transform\":\"\",\"headings-text-shadow\":\"\",\"headings-base-size\":\"7\",\"headings-line-height\":\"1.7\",\"headings-letter-spacing\":0},\"link\":{\"link-color\":\"\",\"link-hover-color\":\"#444444\"},\"default-button\":{\"btn-default-padding\":{\"top\":\"6\",\"bottom\":\"6\",\"right\":\"12\",\"left\":\"12\"},\"btn-default-bg\":\"\",\"btn-default-border-all\":{\"universal\":\"1\",\"width\":\"1\",\"style\":\"solid\",\"color\":\"#cccccc\"},\"btn-default-radius\":\"\",\"btn-default-box-shadow\":\"\",\"btn-default-color\":\"#333333\",\"btn-default-font-weight\":\"bold\",\"btn-default-font-style\":\"\",\"btn-default-text-transform\":\"\",\"btn-default-text-shadow\":\"\",\"btn-default-base-size\":\"13\",\"btn-default-letter-spacing\":0,\"btn-default-bg-hover\":\"\",\"btn-default-border-hover\":\"\",\"btn-default-color-hover\":\"\"},\"color\":{\"main-color\":\"#bf0000\",\"sub-color\":\"#F86201\"}},\"sections\":{\"section_header\":{\"link\":{\"custom\":\"1\",\"link-color\":\"#000000\",\"link-color-hover\":\"#000000\"}},\"section_main-menu\":{\"container\":{\"background-color\":\"#282828\",\"background-image\":\"\",\"background-image-settings\":\"\",\"border\":\"\"}},\"section_content-top\":{\"container\":{\"background-color\":\"#595959\",\"background-image\":\"images\\\/joomlashine\\\/sample\\\/bg-promo.jpg\",\"background-image-settings\":{\"repeat\":\"repeat-x\",\"attachment\":\"scroll\",\"position\":\"left top\"},\"border\":{\"universal\":\"0\",\"width\":\"\",\"bottom-width\":\"5\",\"bottom-style\":\"solid\",\"bottom-color\":\"#404040\"}}},\"section_footer\":{\"container\":{\"background-color\":\"#ffffff\",\"background-image\":\"\",\"background-image-settings\":\"\",\"border\":{\"universal\":\"0\",\"top-width\":\"1\",\"top-style\":\"solid\",\"top-color\":\"#b3b3b3\"}},\"content\":{\"custom\":\"1\",\"color\":\"#595959\",\"font-size-base\":\"11\",\"line-height\":\"1.7\"}},\"section_content-bottoms\":{\"container\":{\"background-color\":\"#d9d9d9\",\"background-image\":\"images\\\/joomlashine\\\/sample\\\/bg-usermodules3.png\",\"background-image-settings\":{\"repeat\":\"repeat-x\",\"attachment\":\"scroll\",\"position\":\"left top\"},\"border\":{\"universal\":\"0\",\"bottom-width\":\"6\",\"bottom-style\":\"solid\",\"bottom-color\":\"#404040\"}}}},\"module\":{\"module-style-gray\":{\"title\":{\"bg-color\":\"\",\"text-color\":\"#ffffff\",\"text-transform\":\"\",\"font-size\":\"15\",\"text-icon-size\":\"\",\"text-icon-color\":\"\"},\"content\":{\"color\":\"#D4D4D4\",\"font-size\":\"\"}},\"module-style-richbox\":{\"container\":{\"padding\":\"\",\"background-color\":\"#323232\",\"background-image\":\"images\\\/joomlashine\\\/sample\\\/richbox-1.png\",\"background-image-settings\":{\"repeat\":\"repeat-x\",\"attachment\":\"scroll\",\"position\":\"left bottom\"},\"border\":\"\"},\"title\":{\"bg-color\":\"\",\"text-color\":\"#ffffff\",\"text-transform\":\"\",\"font-size\":\"15\",\"text-icon-size\":\"\",\"text-icon-color\":\"#FED311\"}},\"module-style-solid\":{\"container\":{\"padding\":{\"top\":\"15\",\"bottom\":\"15\",\"right\":\"15\",\"left\":\"15\"},\"background-color\":\"#fefef5\",\"background-image\":\"images\\\/joomlashine\\\/sample\\\/solid-1.png\",\"background-image-settings\":{\"repeat\":\"repeat-x\",\"attachment\":\"scroll\",\"position\":\"left bottom\"},\"border\":\"\"},\"title\":{\"bg-color\":\"\",\"text-color\":\"#000000\",\"text-transform\":\"\",\"font-size\":\"15\",\"text-icon-size\":\"\",\"text-icon-color\":\"\"}},\"module-style-green\":{\"container\":{\"padding\":{\"top\":\"15\",\"left\":\"15\",\"bottom\":\"15\",\"right\":\"15\"},\"background-color\":\"#fafef5\",\"background-image\":\"images\\\/joomlashine\\\/sample\\\/box-green.png\",\"background-image-settings\":{\"repeat\":\"repeat-x\",\"attachment\":\"scroll\",\"position\":\"left bottom\"},\"border\":\"\"},\"title\":{\"bg-color\":\"\",\"text-color\":\"#000000\",\"text-transform\":\"\",\"font-size\":\"15\",\"text-icon-size\":\"\",\"text-icon-color\":\"\"}},\"module-style-blue\":{\"title\":{\"bg-color\":\"\",\"text-color\":\"#000000\",\"text-transform\":\"\",\"font-size\":\"15\",\"text-icon-size\":\"\",\"text-icon-color\":\"\"},\"container\":{\"padding\":{\"top\":\"15\",\"left\":\"15\",\"right\":\"15\",\"bottom\":\"15\"},\"background-color\":\"#f5fcfe\",\"background-image\":\"images\\\/joomlashine\\\/sample\\\/box-blue.png\",\"background-image-settings\":{\"repeat\":\"repeat-x\",\"attachment\":\"scroll\",\"position\":\"left bottom\"},\"border\":\"\"}},\"module-style-blue2\":{\"container\":{\"padding\":{\"top\":\"0\",\"bottom\":\"15\",\"right\":\"15\",\"left\":\"15\"},\"background-color\":\"#2b5783\",\"background-image\":\"images\\\/joomlashine\\\/sample\\\/richbox-2.png\",\"background-image-settings\":{\"repeat\":\"repeat-x\",\"attachment\":\"scroll\",\"position\":\"left bottom\"},\"border\":\"\"},\"title\":{\"bg-color\":\"\",\"text-color\":\"#ffffff\",\"text-transform\":\"\",\"font-size\":\"15\",\"text-icon-size\":\"\",\"text-icon-color\":\"\"},\"link\":{\"link-color\":\"\",\"link-hover-color\":\"\"}}},\"menu\":{\"item_menu\":{\"root\":{\"font-size\":\"13\",\"text-transform\":\"\",\"background-color\":\"\",\"color\":\"#cccccc\",\"background-color-hover\":\"\",\"link-color-hover\":\"#ffffff\"}}},\"changed\":false}},\"Violet\":{\"data\":{\"appliedStyle\":\"\",\"currentGroup\":\"general\",\"editing\":\"color\",\"general\":{\"page\":{\"outer-background-color\":\"#32182e\",\"outer-background-image\":\"images\\\/joomlashine\\\/sample\\\/bg-violet.jpeg\",\"outer-background-image-settings\":{\"repeat\":\"repeat-x\",\"position\":\"left top\",\"attachment\":\"fixed\"}},\"page-inner\":{\"inner-background-color\":\"#ffffff\",\"inner-border\":{\"universal\":\"0\",\"right-width\":\"2\",\"right-style\":\"solid\",\"right-color\":\"#000000\",\"left-width\":\"2\",\"left-style\":\"solid\",\"left-color\":\"#000000\"},\"inner-box-shadow\":\"\"},\"content\":{\"text-color\":\"#333333\",\"content-font-type\":\"standard\",\"content-standard-font-family\":\"Arial, Helvetica, sans-serif\",\"content-google-font-family\":\"\",\"font-weight\":\"\",\"font-size-base\":\"12\",\"line-height-base\":\"1.7\"},\"heading\":{\"headings-color\":\"#000\",\"headings-font-type\":\"google\",\"headings-standard-font-family\":\"\",\"headings-google-font-family\":{\"family\":\"Nobile:regular,italic,700\",\"variant\":\"700\"},\"headings-font-weight\":\"\",\"headings-font-style\":\"\",\"headings-text-transform\":\"\",\"headings-text-shadow\":\"\",\"headings-base-size\":\"7\",\"headings-line-height\":\"1.7\",\"headings-letter-spacing\":0},\"link\":{\"link-color\":\"\",\"link-hover-color\":\"#444444\"},\"default-button\":{\"btn-default-padding\":{\"top\":\"6\",\"bottom\":\"6\",\"right\":\"12\",\"left\":\"12\"},\"btn-default-bg\":\"\",\"btn-default-border-all\":{\"universal\":\"1\",\"width\":\"1\",\"style\":\"solid\",\"color\":\"#cccccc\"},\"btn-default-radius\":\"\",\"btn-default-box-shadow\":\"\",\"btn-default-color\":\"#333333\",\"btn-default-font-weight\":\"bold\",\"btn-default-font-style\":\"\",\"btn-default-text-transform\":\"\",\"btn-default-text-shadow\":\"\",\"btn-default-base-size\":\"13\",\"btn-default-letter-spacing\":0,\"btn-default-bg-hover\":\"\",\"btn-default-border-hover\":\"\",\"btn-default-color-hover\":\"\"},\"color\":{\"main-color\":\"#9e0084\",\"sub-color\":\"#F86201\"}},\"sections\":{\"section_header\":{\"link\":{\"custom\":\"1\",\"link-color\":\"#000000\",\"link-color-hover\":\"#000000\"}},\"section_main-menu\":{\"container\":{\"background-color\":\"#282828\",\"background-image\":\"\",\"background-image-settings\":\"\",\"border\":\"\"}},\"section_content-top\":{\"container\":{\"background-color\":\"#595959\",\"background-image\":\"images\\\/joomlashine\\\/sample\\\/bg-promo.jpg\",\"background-image-settings\":{\"repeat\":\"repeat-x\",\"attachment\":\"scroll\",\"position\":\"left top\"},\"border\":{\"universal\":\"0\",\"width\":\"\",\"bottom-width\":\"5\",\"bottom-style\":\"solid\",\"bottom-color\":\"#404040\"}}},\"section_footer\":{\"container\":{\"background-color\":\"#ffffff\",\"background-image\":\"\",\"background-image-settings\":\"\",\"border\":{\"universal\":\"0\",\"top-width\":\"1\",\"top-style\":\"solid\",\"top-color\":\"#b3b3b3\"}},\"content\":{\"custom\":\"1\",\"color\":\"#595959\",\"font-size-base\":\"11\",\"line-height\":\"1.7\"}},\"section_content-bottoms\":{\"container\":{\"background-color\":\"#d9d9d9\",\"background-image\":\"images\\\/joomlashine\\\/sample\\\/bg-usermodules3.png\",\"background-image-settings\":{\"repeat\":\"repeat-x\",\"attachment\":\"scroll\",\"position\":\"left top\"},\"border\":{\"universal\":\"0\",\"bottom-width\":\"6\",\"bottom-style\":\"solid\",\"bottom-color\":\"#404040\"}}}},\"module\":{\"module-style-gray\":{\"title\":{\"bg-color\":\"\",\"text-color\":\"#ffffff\",\"text-transform\":\"\",\"font-size\":\"15\",\"text-icon-size\":\"\",\"text-icon-color\":\"\"},\"content\":{\"color\":\"#D4D4D4\",\"font-size\":\"\"}},\"module-style-richbox\":{\"container\":{\"padding\":\"\",\"background-color\":\"#323232\",\"background-image\":\"images\\\/joomlashine\\\/sample\\\/richbox-1.png\",\"background-image-settings\":{\"repeat\":\"repeat-x\",\"attachment\":\"scroll\",\"position\":\"left bottom\"},\"border\":\"\"},\"title\":{\"bg-color\":\"\",\"text-color\":\"#ffffff\",\"text-transform\":\"\",\"font-size\":\"15\",\"text-icon-size\":\"\",\"text-icon-color\":\"#FED311\"}},\"module-style-solid\":{\"container\":{\"padding\":{\"top\":\"15\",\"bottom\":\"15\",\"right\":\"15\",\"left\":\"15\"},\"background-color\":\"#fefef5\",\"background-image\":\"images\\\/joomlashine\\\/sample\\\/solid-1.png\",\"background-image-settings\":{\"repeat\":\"repeat-x\",\"attachment\":\"scroll\",\"position\":\"left bottom\"},\"border\":\"\"},\"title\":{\"bg-color\":\"\",\"text-color\":\"#000000\",\"text-transform\":\"\",\"font-size\":\"15\",\"text-icon-size\":\"\",\"text-icon-color\":\"\"}},\"module-style-green\":{\"container\":{\"padding\":{\"top\":\"15\",\"left\":\"15\",\"bottom\":\"15\",\"right\":\"15\"},\"background-color\":\"#fafef5\",\"background-image\":\"images\\\/joomlashine\\\/sample\\\/box-green.png\",\"background-image-settings\":{\"repeat\":\"repeat-x\",\"attachment\":\"scroll\",\"position\":\"left bottom\"},\"border\":\"\"},\"title\":{\"bg-color\":\"\",\"text-color\":\"#000000\",\"text-transform\":\"\",\"font-size\":\"15\",\"text-icon-size\":\"\",\"text-icon-color\":\"\"}},\"module-style-blue\":{\"title\":{\"bg-color\":\"\",\"text-color\":\"#000000\",\"text-transform\":\"\",\"font-size\":\"15\",\"text-icon-size\":\"\",\"text-icon-color\":\"\"},\"container\":{\"padding\":{\"top\":\"15\",\"left\":\"15\",\"right\":\"15\",\"bottom\":\"15\"},\"background-color\":\"#f5fcfe\",\"background-image\":\"images\\\/joomlashine\\\/sample\\\/box-blue.png\",\"background-image-settings\":{\"repeat\":\"repeat-x\",\"attachment\":\"scroll\",\"position\":\"left bottom\"},\"border\":\"\"}},\"module-style-blue2\":{\"container\":{\"padding\":{\"top\":\"0\",\"bottom\":\"15\",\"right\":\"15\",\"left\":\"15\"},\"background-color\":\"#2b5783\",\"background-image\":\"images\\\/joomlashine\\\/sample\\\/richbox-2.png\",\"background-image-settings\":{\"repeat\":\"repeat-x\",\"attachment\":\"scroll\",\"position\":\"left bottom\"},\"border\":\"\"},\"title\":{\"bg-color\":\"\",\"text-color\":\"#ffffff\",\"text-transform\":\"\",\"font-size\":\"15\",\"text-icon-size\":\"\",\"text-icon-color\":\"\"},\"link\":{\"link-color\":\"\",\"link-hover-color\":\"\"}}},\"menu\":{\"item_menu\":{\"root\":{\"font-size\":\"13\",\"text-transform\":\"\",\"background-color\":\"\",\"color\":\"#cccccc\",\"background-color-hover\":\"\",\"link-color-hover\":\"#ffffff\"}}},\"changed\":false},\"label\":\"Violet\",\"thumb\":\"https:\\\/\\\/placeholdit.imgix.net\\\/~text?txtsize=30&txt=320%C3%97240&w=320&h=240\"},\"Orange\":{\"data\":{\"appliedStyle\":\"\",\"currentGroup\":\"general\",\"editing\":\"color\",\"general\":{\"page\":{\"outer-background-color\":\"#542d12\",\"outer-background-image\":\"images\\\/joomlashine\\\/sample\\\/bg-orange.jpeg\",\"outer-background-image-settings\":{\"repeat\":\"repeat-x\",\"position\":\"left top\",\"attachment\":\"fixed\"}},\"page-inner\":{\"inner-background-color\":\"#ffffff\",\"inner-border\":{\"universal\":\"0\",\"right-width\":\"2\",\"right-style\":\"solid\",\"right-color\":\"#000000\",\"left-width\":\"2\",\"left-style\":\"solid\",\"left-color\":\"#000000\"},\"inner-box-shadow\":\"\"},\"content\":{\"text-color\":\"#333333\",\"content-font-type\":\"standard\",\"content-standard-font-family\":\"Arial, Helvetica, sans-serif\",\"content-google-font-family\":\"\",\"font-weight\":\"\",\"font-size-base\":\"12\",\"line-height-base\":\"1.7\"},\"heading\":{\"headings-color\":\"#000\",\"headings-font-type\":\"google\",\"headings-standard-font-family\":\"\",\"headings-google-font-family\":{\"family\":\"Nobile:regular,italic,700\",\"variant\":\"700\"},\"headings-font-weight\":\"\",\"headings-font-style\":\"\",\"headings-text-transform\":\"\",\"headings-text-shadow\":\"\",\"headings-base-size\":\"7\",\"headings-line-height\":\"1.7\",\"headings-letter-spacing\":0},\"link\":{\"link-color\":\"\",\"link-hover-color\":\"#444444\"},\"default-button\":{\"btn-default-padding\":{\"top\":\"6\",\"bottom\":\"6\",\"right\":\"12\",\"left\":\"12\"},\"btn-default-bg\":\"\",\"btn-default-border-all\":{\"universal\":\"1\",\"width\":\"1\",\"style\":\"solid\",\"color\":\"#cccccc\"},\"btn-default-radius\":\"\",\"btn-default-box-shadow\":\"\",\"btn-default-color\":\"#333333\",\"btn-default-font-weight\":\"bold\",\"btn-default-font-style\":\"\",\"btn-default-text-transform\":\"\",\"btn-default-text-shadow\":\"\",\"btn-default-base-size\":\"13\",\"btn-default-letter-spacing\":0,\"btn-default-bg-hover\":\"\",\"btn-default-border-hover\":\"\",\"btn-default-color-hover\":\"\"},\"color\":{\"main-color\":\"#e66000\",\"sub-color\":\"#F86201\"}},\"sections\":{\"section_header\":{\"link\":{\"custom\":\"1\",\"link-color\":\"#000000\",\"link-color-hover\":\"#000000\"}},\"section_main-menu\":{\"container\":{\"background-color\":\"#282828\",\"background-image\":\"\",\"background-image-settings\":\"\",\"border\":\"\"}},\"section_content-top\":{\"container\":{\"background-color\":\"#595959\",\"background-image\":\"images\\\/joomlashine\\\/sample\\\/bg-promo.jpg\",\"background-image-settings\":{\"repeat\":\"repeat-x\",\"attachment\":\"scroll\",\"position\":\"left top\"},\"border\":{\"universal\":\"0\",\"width\":\"\",\"bottom-width\":\"5\",\"bottom-style\":\"solid\",\"bottom-color\":\"#404040\"}}},\"section_footer\":{\"container\":{\"background-color\":\"#ffffff\",\"background-image\":\"\",\"background-image-settings\":\"\",\"border\":{\"universal\":\"0\",\"top-width\":\"1\",\"top-style\":\"solid\",\"top-color\":\"#b3b3b3\"}},\"content\":{\"custom\":\"1\",\"color\":\"#595959\",\"font-size-base\":\"11\",\"line-height\":\"1.7\"}},\"section_content-bottoms\":{\"container\":{\"background-color\":\"#d9d9d9\",\"background-image\":\"images\\\/joomlashine\\\/sample\\\/bg-usermodules3.png\",\"background-image-settings\":{\"repeat\":\"repeat-x\",\"attachment\":\"scroll\",\"position\":\"left top\"},\"border\":{\"universal\":\"0\",\"bottom-width\":\"6\",\"bottom-style\":\"solid\",\"bottom-color\":\"#404040\"}}}},\"module\":{\"module-style-gray\":{\"title\":{\"bg-color\":\"\",\"text-color\":\"#ffffff\",\"text-transform\":\"\",\"font-size\":\"15\",\"text-icon-size\":\"\",\"text-icon-color\":\"\"},\"content\":{\"color\":\"#D4D4D4\",\"font-size\":\"\"}},\"module-style-richbox\":{\"container\":{\"padding\":\"\",\"background-color\":\"#323232\",\"background-image\":\"images\\\/joomlashine\\\/sample\\\/richbox-1.png\",\"background-image-settings\":{\"repeat\":\"repeat-x\",\"attachment\":\"scroll\",\"position\":\"left bottom\"},\"border\":\"\"},\"title\":{\"bg-color\":\"\",\"text-color\":\"#ffffff\",\"text-transform\":\"\",\"font-size\":\"15\",\"text-icon-size\":\"\",\"text-icon-color\":\"#FED311\"}},\"module-style-solid\":{\"container\":{\"padding\":{\"top\":\"15\",\"bottom\":\"15\",\"right\":\"15\",\"left\":\"15\"},\"background-color\":\"#fefef5\",\"background-image\":\"images\\\/joomlashine\\\/sample\\\/solid-1.png\",\"background-image-settings\":{\"repeat\":\"repeat-x\",\"attachment\":\"scroll\",\"position\":\"left bottom\"},\"border\":\"\"},\"title\":{\"bg-color\":\"\",\"text-color\":\"#000000\",\"text-transform\":\"\",\"font-size\":\"15\",\"text-icon-size\":\"\",\"text-icon-color\":\"\"}},\"module-style-green\":{\"container\":{\"padding\":{\"top\":\"15\",\"left\":\"15\",\"bottom\":\"15\",\"right\":\"15\"},\"background-color\":\"#fafef5\",\"background-image\":\"images\\\/joomlashine\\\/sample\\\/box-green.png\",\"background-image-settings\":{\"repeat\":\"repeat-x\",\"attachment\":\"scroll\",\"position\":\"left bottom\"},\"border\":\"\"},\"title\":{\"bg-color\":\"\",\"text-color\":\"#000000\",\"text-transform\":\"\",\"font-size\":\"15\",\"text-icon-size\":\"\",\"text-icon-color\":\"\"}},\"module-style-blue\":{\"title\":{\"bg-color\":\"\",\"text-color\":\"#000000\",\"text-transform\":\"\",\"font-size\":\"15\",\"text-icon-size\":\"\",\"text-icon-color\":\"\"},\"container\":{\"padding\":{\"top\":\"15\",\"left\":\"15\",\"right\":\"15\",\"bottom\":\"15\"},\"background-color\":\"#f5fcfe\",\"background-image\":\"images\\\/joomlashine\\\/sample\\\/box-blue.png\",\"background-image-settings\":{\"repeat\":\"repeat-x\",\"attachment\":\"scroll\",\"position\":\"left bottom\"},\"border\":\"\"}},\"module-style-blue2\":{\"container\":{\"padding\":{\"top\":\"0\",\"bottom\":\"15\",\"right\":\"15\",\"left\":\"15\"},\"background-color\":\"#2b5783\",\"background-image\":\"images\\\/joomlashine\\\/sample\\\/richbox-2.png\",\"background-image-settings\":{\"repeat\":\"repeat-x\",\"attachment\":\"scroll\",\"position\":\"left bottom\"},\"border\":\"\"},\"title\":{\"bg-color\":\"\",\"text-color\":\"#ffffff\",\"text-transform\":\"\",\"font-size\":\"15\",\"text-icon-size\":\"\",\"text-icon-color\":\"\"},\"link\":{\"link-color\":\"\",\"link-hover-color\":\"\"}}},\"menu\":{\"item_menu\":{\"root\":{\"font-size\":\"13\",\"text-transform\":\"\",\"background-color\":\"\",\"color\":\"#cccccc\",\"background-color-hover\":\"\",\"link-color-hover\":\"#ffffff\"}}},\"changed\":false},\"label\":\"Orange\",\"thumb\":\"https:\\\/\\\/placeholdit.imgix.net\\\/~text?txtsize=30&txt=320%C3%97240&w=320&h=240\"},\"grey\":{\"data\":{\"appliedStyle\":\"\",\"currentGroup\":\"general\",\"editing\":\"color\",\"general\":{\"page\":{\"outer-background-color\":\"#333333\",\"outer-background-image\":\"images\\\/joomlashine\\\/sample\\\/bg-grey.jpeg\",\"outer-background-image-settings\":{\"repeat\":\"repeat-x\",\"position\":\"left top\",\"attachment\":\"fixed\"}},\"page-inner\":{\"inner-background-color\":\"#ffffff\",\"inner-border\":{\"universal\":\"0\",\"right-width\":\"2\",\"right-style\":\"solid\",\"right-color\":\"#000000\",\"left-width\":\"2\",\"left-style\":\"solid\",\"left-color\":\"#000000\"},\"inner-box-shadow\":\"\"},\"content\":{\"text-color\":\"#333333\",\"content-font-type\":\"standard\",\"content-standard-font-family\":\"Arial, Helvetica, sans-serif\",\"content-google-font-family\":\"\",\"font-weight\":\"\",\"font-size-base\":\"12\",\"line-height-base\":\"1.7\"},\"heading\":{\"headings-color\":\"#000\",\"headings-font-type\":\"google\",\"headings-standard-font-family\":\"\",\"headings-google-font-family\":{\"family\":\"Nobile:regular,italic,700\",\"variant\":\"700\"},\"headings-font-weight\":\"\",\"headings-font-style\":\"\",\"headings-text-transform\":\"\",\"headings-text-shadow\":\"\",\"headings-base-size\":\"7\",\"headings-line-height\":\"1.7\",\"headings-letter-spacing\":0},\"link\":{\"link-color\":\"\",\"link-hover-color\":\"#444444\"},\"default-button\":{\"btn-default-padding\":{\"top\":\"6\",\"bottom\":\"6\",\"right\":\"12\",\"left\":\"12\"},\"btn-default-bg\":\"\",\"btn-default-border-all\":{\"universal\":\"1\",\"width\":\"1\",\"style\":\"solid\",\"color\":\"#cccccc\"},\"btn-default-radius\":\"\",\"btn-default-box-shadow\":\"\",\"btn-default-color\":\"#333333\",\"btn-default-font-weight\":\"bold\",\"btn-default-font-style\":\"\",\"btn-default-text-transform\":\"\",\"btn-default-text-shadow\":\"\",\"btn-default-base-size\":\"13\",\"btn-default-letter-spacing\":0,\"btn-default-bg-hover\":\"\",\"btn-default-border-hover\":\"\",\"btn-default-color-hover\":\"\"},\"color\":{\"main-color\":\"#333333\",\"sub-color\":\"#F86201\"}},\"sections\":{\"section_header\":{\"link\":{\"custom\":\"1\",\"link-color\":\"#000000\",\"link-color-hover\":\"#000000\"}},\"section_main-menu\":{\"container\":{\"background-color\":\"#282828\",\"background-image\":\"\",\"background-image-settings\":\"\",\"border\":\"\"}},\"section_content-top\":{\"container\":{\"background-color\":\"#595959\",\"background-image\":\"images\\\/joomlashine\\\/sample\\\/bg-promo.jpg\",\"background-image-settings\":{\"repeat\":\"repeat-x\",\"attachment\":\"scroll\",\"position\":\"left top\"},\"border\":{\"universal\":\"0\",\"width\":\"\",\"bottom-width\":\"5\",\"bottom-style\":\"solid\",\"bottom-color\":\"#404040\"}}},\"section_footer\":{\"container\":{\"background-color\":\"#ffffff\",\"background-image\":\"\",\"background-image-settings\":\"\",\"border\":{\"universal\":\"0\",\"top-width\":\"1\",\"top-style\":\"solid\",\"top-color\":\"#b3b3b3\"}},\"content\":{\"custom\":\"1\",\"color\":\"#595959\",\"font-size-base\":\"11\",\"line-height\":\"1.7\"}},\"section_content-bottoms\":{\"container\":{\"background-color\":\"#d9d9d9\",\"background-image\":\"images\\\/joomlashine\\\/sample\\\/bg-usermodules3.png\",\"background-image-settings\":{\"repeat\":\"repeat-x\",\"attachment\":\"scroll\",\"position\":\"left top\"},\"border\":{\"universal\":\"0\",\"bottom-width\":\"6\",\"bottom-style\":\"solid\",\"bottom-color\":\"#404040\"}}}},\"module\":{\"module-style-gray\":{\"title\":{\"bg-color\":\"\",\"text-color\":\"#ffffff\",\"text-transform\":\"\",\"font-size\":\"15\",\"text-icon-size\":\"\",\"text-icon-color\":\"\"},\"content\":{\"color\":\"#D4D4D4\",\"font-size\":\"\"}},\"module-style-richbox\":{\"container\":{\"padding\":\"\",\"background-color\":\"#323232\",\"background-image\":\"images\\\/joomlashine\\\/sample\\\/richbox-1.png\",\"background-image-settings\":{\"repeat\":\"repeat-x\",\"attachment\":\"scroll\",\"position\":\"left bottom\"},\"border\":\"\"},\"title\":{\"bg-color\":\"\",\"text-color\":\"#ffffff\",\"text-transform\":\"\",\"font-size\":\"15\",\"text-icon-size\":\"\",\"text-icon-color\":\"#FED311\"}},\"module-style-solid\":{\"container\":{\"padding\":{\"top\":\"15\",\"bottom\":\"15\",\"right\":\"15\",\"left\":\"15\"},\"background-color\":\"#fefef5\",\"background-image\":\"images\\\/joomlashine\\\/sample\\\/solid-1.png\",\"background-image-settings\":{\"repeat\":\"repeat-x\",\"attachment\":\"scroll\",\"position\":\"left bottom\"},\"border\":\"\"},\"title\":{\"bg-color\":\"\",\"text-color\":\"#000000\",\"text-transform\":\"\",\"font-size\":\"15\",\"text-icon-size\":\"\",\"text-icon-color\":\"\"}},\"module-style-green\":{\"container\":{\"padding\":{\"top\":\"15\",\"left\":\"15\",\"bottom\":\"15\",\"right\":\"15\"},\"background-color\":\"#fafef5\",\"background-image\":\"images\\\/joomlashine\\\/sample\\\/box-green.png\",\"background-image-settings\":{\"repeat\":\"repeat-x\",\"attachment\":\"scroll\",\"position\":\"left bottom\"},\"border\":\"\"},\"title\":{\"bg-color\":\"\",\"text-color\":\"#000000\",\"text-transform\":\"\",\"font-size\":\"15\",\"text-icon-size\":\"\",\"text-icon-color\":\"\"}},\"module-style-blue\":{\"title\":{\"bg-color\":\"\",\"text-color\":\"#000000\",\"text-transform\":\"\",\"font-size\":\"15\",\"text-icon-size\":\"\",\"text-icon-color\":\"\"},\"container\":{\"padding\":{\"top\":\"15\",\"left\":\"15\",\"right\":\"15\",\"bottom\":\"15\"},\"background-color\":\"#f5fcfe\",\"background-image\":\"images\\\/joomlashine\\\/sample\\\/box-blue.png\",\"background-image-settings\":{\"repeat\":\"repeat-x\",\"attachment\":\"scroll\",\"position\":\"left bottom\"},\"border\":\"\"}},\"module-style-blue2\":{\"container\":{\"padding\":{\"top\":\"0\",\"bottom\":\"15\",\"right\":\"15\",\"left\":\"15\"},\"background-color\":\"#2b5783\",\"background-image\":\"images\\\/joomlashine\\\/sample\\\/richbox-2.png\",\"background-image-settings\":{\"repeat\":\"repeat-x\",\"attachment\":\"scroll\",\"position\":\"left bottom\"},\"border\":\"\"},\"title\":{\"bg-color\":\"\",\"text-color\":\"#ffffff\",\"text-transform\":\"\",\"font-size\":\"15\",\"text-icon-size\":\"\",\"text-icon-color\":\"\"},\"link\":{\"link-color\":\"\",\"link-hover-color\":\"\"}}},\"menu\":{\"item_menu\":{\"root\":{\"font-size\":\"13\",\"text-transform\":\"\",\"background-color\":\"\",\"color\":\"#cccccc\",\"background-color-hover\":\"\",\"link-color-hover\":\"#ffffff\"}}},\"changed\":false},\"label\":\"grey\",\"thumb\":\"https:\\\/\\\/placeholdit.imgix.net\\\/~text?txtsize=30&txt=320%C3%97240&w=320&h=240\"}},\"group\":\"module\",\"editing\":\"module-style-blue2::container\"}","system_data":"{\"sunfwfavicon\":\"\",\"compression\":[],\"maxCompressionSize\":100,\"cacheDirectory\":\"cache\",\"compressionExclude\":\"\",\"minifyHTML\":\"\",\"moveJSToBottom\":\"\",\"showBrandingLink\":null,\"customAfterOpeningHeadTag\":\"\",\"customBeforeEndingHeadTag\":\"\",\"customAfterOpeningBodyTag\":\"\",\"customBeforeEndingBodyTag\":\"\",\"customCSSFiles\":\"\",\"customJSFiles\":\"\",\"niche-style\":\"\"}","cookie_law_data":"{\"style\":\"dark\",\"message\":\"This website uses cookies to ensure you get the best experience on our website.\",\"banner-placement\":\"floating-left\",\"cookie-policy-link\":\"http:\/\/joomlashine.com\",\"accept-button-text\":\"Got It!\",\"read-more-button-text\":\"More information\",\"enabled\":\"1\",\"message_type\":\"text\",\"article\":\"\"}","social_share_data":null,"commenting_data":null,"custom_404_data":"{\"article\":\"404 Page:131\",\"enabled\":\"1\"}"}