{"appliedStyle":"Module_Styles","currentGroup":"general","general":{"page":{"outer-background-color":"#172534","outer-background-image":"templates/jsn_epic2_pro/images/backgrounds/bg-master.jpg","outer-background-image-settings":{"repeat":"repeat-x","position":"left top","attachment":"fixed"}},"page-inner":{"inner-background-color":"#ffffff","inner-border":{"universal":"0","right-width":"2","right-style":"solid","right-color":"#000000","left-width":"2","left-style":"solid","left-color":"#000000"},"inner-box-shadow":""},"content":{"text-color":"#000000","content-font-type":"standard","content-standard-font-family":"Arial, Helvetica, sans-serif","content-google-font-family":"","font-weight":"","font-size-base":"12","line-height-base":"1.7","content-custom-font-file":""},"heading":{"headings-color":"#000000","headings-font-type":"standard","headings-standard-font-family":"Arial, Helvetica, sans-serif","headings-google-font-family":{"family":"Nobile:regular,italic,700","variant":"700"},"headings-font-weight":"bold","headings-font-style":"","headings-text-transform":"","headings-text-shadow":"","headings-base-size":"8","headings-line-height":"1.5","headings-letter-spacing":0,"headings-custom-font-file":""},"link":{"link-color":"main","link-hover-color":"#444444"},"default-button":{"btn-default-padding":{"top":"8","bottom":"8","right":"30","left":"30"},"btn-default-bg":"","btn-default-border-all":{"universal":"1","width":"1","style":"solid","color":"#999999","top-width":"","top-style":"","top-color":"","right-width":"","right-style":"","right-color":"","bottom-width":"","bottom-style":"","bottom-color":"","left-width":"","left-style":"","left-color":""},"btn-default-radius":{"top-left":"5","bottom-left":"5","top-right":"5","bottom-right":"5"},"btn-default-box-shadow":"","btn-default-color":"#000000","btn-default-font-weight":"bold","btn-default-font-style":"","btn-default-text-transform":"","btn-default-text-shadow":"","btn-default-base-size":"12","btn-default-letter-spacing":0,"btn-default-bg-hover":"","btn-default-border-hover":"","btn-default-color-hover":""},"color":{"main-color":"#009aca","sub-color":"#F86201"},"primary-button":{"btn-primary-bg":"","btn-primary-border-all":{"universal":"1","width":"1","style":"solid","color":"#000000","top-width":"","top-style":"","top-color":"","right-width":"","right-style":"","right-color":"","bottom-width":"","bottom-style":"","bottom-color":"","left-width":"","left-style":"","left-color":""},"btn-primary-box-shadow":{"blur":"0","color":"","inset":"inset","spread":"0","h-shadow":"0","v-shadow":"2"},"btn-primary-color":"","btn-primary-text-shadow":"","btn-primary-bg-hover":"","btn-primary-border-hover":"","btn-primary-color-hover":""}},"sections":{"section_header":{"link":{"link-color":"","link-hover-color":"#444444","custom":"1","link-color-hover":""},"heading":{"headings-color":"","headings-font-type":"standard","headings-standard-font-family":"Arial, Helvetica, sans-serif","headings-google-font-family":{"family":"Nobile:regular,italic,700","variant":"700"},"headings-font-weight":"bold","headings-font-style":"","headings-text-transform":"","headings-text-shadow":"","headings-base-size":"8","headings-line-height":"1.5","headings-letter-spacing":0,"headings-custom-font-file":"","custom":"1"}},"section_main-menu":{"container":{"background-color":"#282828","background-image":"","background-image-settings":"","border":{"universal":"0","width":"","style":"","color":"","top-width":"0","top-style":"","top-color":"","right-width":"0","right-style":"","right-color":"","bottom-width":"1","bottom-style":"solid","bottom-color":"#000000","left-width":"0","left-style":"","left-color":""}}},"section_content-top":{"container":{"background-color":"#595959","background-image":"","background-image-settings":{"repeat":"repeat-x","attachment":"scroll","position":"left top"},"border":{"universal":"0","width":"","bottom-width":"5","bottom-style":"solid","bottom-color":"#404040"}}},"section_footer":{"container":{"background-color":"#ffffff","background-image":"","background-image-settings":"","border":{"universal":"0","top-width":"1","top-style":"solid","top-color":"#b3b3b3"}},"content":{"custom":"1","color":"#595959","font-size-base":"11","line-height":"1.7"}},"section_top":{"container":{"background-color":"#f4f4f4","background-image":"","background-image-settings":"","border":{"universal":"0","width":"","style":"","color":"","top-width":"0","top-style":"","top-color":"","right-width":"0","right-style":"","right-color":"","bottom-width":"1","bottom-style":"solid","bottom-color":"#dadada","left-width":"0","left-style":"","left-color":""}},"heading":{"headings-color":"","headings-font-type":"standard","headings-standard-font-family":"Arial, Helvetica, sans-serif","headings-google-font-family":{"family":"Nobile:regular,italic,700","variant":"700"},"headings-font-weight":"bold","headings-font-style":"","headings-text-transform":"","headings-text-shadow":"","headings-base-size":"8","headings-line-height":"1.5","headings-letter-spacing":0,"headings-custom-font-file":"","custom":"1"}},"section_content-bottom":{"container":{"background-color":"","background-image":"","background-image-settings":{"repeat":"repeat-x","attachment":"scroll","position":"left top"},"border":{"universal":"0","bottom-width":"5","bottom-style":"solid","bottom-color":"#404040","width":"","style":"","color":"","top-width":"1","top-style":"solid","top-color":"#a2a2a2","right-width":"","right-style":"","right-color":"","left-width":"","left-style":"","left-color":""}}}},"module":{"module-style-gray":{"title":{"bg-color":"","text-color":"","text-transform":"","font-size":"15","text-icon-size":"","text-icon-color":"","font-weight":"bold"},"content":{"color":"","font-size":"12"},"container":{"padding":{"top":"14","left":"14","right":"14","bottom":"14"},"background-color":"","background-image":"","background-image-settings":"","border":""}},"module-style-richbox":{"container":{"padding":"","background-color":"","background-image":"","background-image-settings":{"repeat":"repeat-x","attachment":"scroll","position":"left bottom"},"border":""},"title":{"bg-color":"","text-color":"#ffffff","text-transform":"","font-size":"15","text-icon-size":"","text-icon-color":"#FED311","font-weight":"bold"},"content":{"color":"#ffffff","font-size":"12"}},"module-style-solid":{"container":{"padding":{"top":"14","bottom":"14","right":"14","left":"14"},"background-color":"","background-image":"","background-image-settings":{"repeat":"repeat-x","attachment":"scroll","position":"left bottom"},"border":""},"title":{"bg-color":"","text-color":"#000000","text-transform":"","font-size":"15","text-icon-size":"","text-icon-color":"","font-weight":"bold"},"content":{"color":"","font-size":"12"}},"module-style-green":{"container":{"padding":{"top":"14","left":"14","bottom":"14","right":"14"},"background-color":"","background-image":"","background-image-settings":"","border":""},"title":{"bg-color":"","text-color":"#000000","text-transform":"","font-size":"15","text-icon-size":"","text-icon-color":"","font-weight":"bold"},"content":{"color":"","font-size":"12"}},"module-style-blue":{"title":{"bg-color":"","text-color":"#000000","text-transform":"","font-size":"15","text-icon-size":"","text-icon-color":"","font-weight":"bold"},"container":{"padding":{"top":"14","left":"14","right":"14","bottom":"14"},"background-color":"","background-image":"","background-image-settings":"","border":""},"content":{"color":"","font-size":"12"}},"module-style-blue2":{"container":{"padding":"","background-color":"","background-image":"","background-image-settings":{"repeat":"repeat-x","attachment":"scroll","position":"left bottom"},"border":""},"title":{"bg-color":"","text-color":"#ffffff","text-transform":"","font-size":"15","text-icon-size":"","text-icon-color":"","font-weight":"bold"},"link":{"link-color":"","link-hover-color":""},"content":{"color":"#ffffff","font-size":"12"}},"lightbox-1":{"container":{"padding":{"top":"20","left":"15","right":"15","bottom":"15"},"background-color":"","background-image":"","background-image-settings":"","border":{"universal":"1","width":"1","style":"solid","color":"#d3d3d3","top-width":"","top-style":"","top-color":"","right-width":"","right-style":"","right-color":"","bottom-width":"","bottom-style":"","bottom-color":"","left-width":"","left-style":"","left-color":""}},"title":{"bg-color":"","text-color":"#000000","font-weight":"bold","text-transform":"","font-size":"15","text-icon-size":"","text-icon-color":""},"content":{"color":"","font-size":"12"}},"lightbox-2":{"container":{"padding":{"top":"20","left":"15","right":"15","bottom":"15"},"background-color":"","background-image":"","background-image-settings":"","border":{"universal":"1","width":"1","style":"solid","color":"#d3d3d3","top-width":"","top-style":"","top-color":"","right-width":"","right-style":"","right-color":"","bottom-width":"","bottom-style":"","bottom-color":"","left-width":"","left-style":"","left-color":""}},"title":{"bg-color":"","text-color":"#000000","font-weight":"bold","text-transform":"","font-size":"15","text-icon-size":"","text-icon-color":""},"content":{"color":"","font-size":"12"}},"richbox-1":{"title":{"bg-color":"","text-color":"#ffffff","font-weight":"bold","text-transform":"","font-size":"15","text-icon-size":"","text-icon-color":""},"content":{"color":"#ffffff","font-size":"12"},"container":{"padding":"","background-color":"","background-image":"","background-image-settings":"","border":{"universal":"1","width":"1","style":"solid","color":"#000000","top-width":"","top-style":"","top-color":"","right-width":"","right-style":"","right-color":"","bottom-width":"","bottom-style":"","bottom-color":"","left-width":"","left-style":"","left-color":""}}},"richbox-2":{"title":{"bg-color":"","text-color":"#ffffff","font-weight":"bold","text-transform":"","font-size":"15","text-icon-size":"","text-icon-color":""},"content":{"color":"#ffffff","font-size":"12"},"container":{"padding":"","background-color":"","background-image":"","background-image-settings":"","border":{"universal":"1","width":"1","style":"solid","color":"#1d354d","top-width":"","top-style":"","top-color":"","right-width":"","right-style":"","right-color":"","bottom-width":"","bottom-style":"","bottom-color":"","left-width":"","left-style":"","left-color":""}}},"solid-1":{"title":{"bg-color":"","text-color":"#000000","font-weight":"bold","text-transform":"","font-size":"15","text-icon-size":"","text-icon-color":""},"content":{"color":"","font-size":"12"},"container":{"padding":{"top":"15","left":"15","right":"15","bottom":"15"},"background-color":"","background-image":"","background-image-settings":"","border":""}},"solid-2":{"title":{"bg-color":"","text-color":"#000000","font-weight":"bold","text-transform":"","font-size":"15","text-icon-size":"","text-icon-color":""},"content":{"color":"","font-size":"12"},"container":{"padding":{"top":"15","left":"15","right":"15","bottom":"15"},"background-color":"","background-image":"","background-image-settings":"","border":""}}},"menu":{"item_menu":{"root":{"font-size":"14","text-transform":"","background-color":"","color":"#cccccc","background-color-hover":"#000000","link-color-hover":"#ffffff","font-type":"standard","standard-font-family":"Arial, Helvetica, sans-serif","google-font-family":"","custom-font-file":""},"dropdown":{"font-size":"12","text-transform":"","width-dropdown":"","background-color":"#282828","color":"rgba(255, 255, 255, 0.5)","background-color-hover":"rgba(0, 0, 0, 0)","link-color-hover":"#ffffff"}}},"styles":{"Green":{"data":{"appliedStyle":"","currentGroup":"general","editing":"color","general":{"page":{"outer-background-color":"#253813","outer-background-image":"images/joomlashine/sample/bg-green.jpeg","outer-background-image-settings":{"repeat":"repeat-x","position":"left top","attachment":"fixed"}},"page-inner":{"inner-background-color":"#ffffff","inner-border":{"universal":"0","right-width":"2","right-style":"solid","right-color":"#000000","left-width":"2","left-style":"solid","left-color":"#000000"},"inner-box-shadow":""},"content":{"text-color":"#333333","content-font-type":"standard","content-standard-font-family":"Arial, Helvetica, sans-serif","content-google-font-family":"","font-weight":"","font-size-base":"12","line-height-base":"1.7"},"heading":{"headings-color":"#000","headings-font-type":"google","headings-standard-font-family":"","headings-google-font-family":{"family":"Nobile:regular,italic,700","variant":"700"},"headings-font-weight":"","headings-font-style":"","headings-text-transform":"","headings-text-shadow":"","headings-base-size":"7","headings-line-height":"1.7","headings-letter-spacing":0},"link":{"link-color":"","link-hover-color":"#444444"},"default-button":{"btn-default-padding":{"top":"6","bottom":"6","right":"12","left":"12"},"btn-default-bg":"","btn-default-border-all":{"universal":"1","width":"1","style":"solid","color":"#cccccc"},"btn-default-radius":"","btn-default-box-shadow":"","btn-default-color":"#333333","btn-default-font-weight":"bold","btn-default-font-style":"","btn-default-text-transform":"","btn-default-text-shadow":"","btn-default-base-size":"13","btn-default-letter-spacing":0,"btn-default-bg-hover":"","btn-default-border-hover":"","btn-default-color-hover":""},"color":{"main-color":"#429e00","sub-color":"#F86201"}},"sections":{"section_header":{"link":{"custom":"1","link-color":"#000000","link-color-hover":"#000000"}},"section_main-menu":{"container":{"background-color":"#282828","background-image":"","background-image-settings":"","border":""}},"section_content-top":{"container":{"background-color":"#595959","background-image":"images/joomlashine/sample/bg-promo.jpg","background-image-settings":{"repeat":"repeat-x","attachment":"scroll","position":"left top"},"border":{"universal":"0","width":"","bottom-width":"5","bottom-style":"solid","bottom-color":"#404040"}}},"section_footer":{"container":{"background-color":"#ffffff","background-image":"","background-image-settings":"","border":{"universal":"0","top-width":"1","top-style":"solid","top-color":"#b3b3b3"}},"content":{"custom":"1","color":"#595959","font-size-base":"11","line-height":"1.7"}},"section_content-bottoms":{"container":{"background-color":"#d9d9d9","background-image":"images/joomlashine/sample/bg-usermodules3.png","background-image-settings":{"repeat":"repeat-x","attachment":"scroll","position":"left top"},"border":{"universal":"0","bottom-width":"6","bottom-style":"solid","bottom-color":"#404040"}}}},"module":{"module-style-gray":{"title":{"bg-color":"","text-color":"#ffffff","text-transform":"","font-size":"15","text-icon-size":"","text-icon-color":""},"content":{"color":"#D4D4D4","font-size":""}},"module-style-richbox":{"container":{"padding":"","background-color":"#323232","background-image":"images/joomlashine/sample/richbox-1.png","background-image-settings":{"repeat":"repeat-x","attachment":"scroll","position":"left bottom"},"border":""},"title":{"bg-color":"","text-color":"#ffffff","text-transform":"","font-size":"15","text-icon-size":"","text-icon-color":"#FED311"}},"module-style-solid":{"container":{"padding":{"top":"15","bottom":"15","right":"15","left":"15"},"background-color":"#fefef5","background-image":"images/joomlashine/sample/solid-1.png","background-image-settings":{"repeat":"repeat-x","attachment":"scroll","position":"left bottom"},"border":""},"title":{"bg-color":"","text-color":"#000000","text-transform":"","font-size":"15","text-icon-size":"","text-icon-color":""}},"module-style-green":{"container":{"padding":{"top":"15","left":"15","bottom":"15","right":"15"},"background-color":"#fafef5","background-image":"images/joomlashine/sample/box-green.png","background-image-settings":{"repeat":"repeat-x","attachment":"scroll","position":"left bottom"},"border":""},"title":{"bg-color":"","text-color":"#000000","text-transform":"","font-size":"15","text-icon-size":"","text-icon-color":""}},"module-style-blue":{"title":{"bg-color":"","text-color":"#000000","text-transform":"","font-size":"15","text-icon-size":"","text-icon-color":""},"container":{"padding":{"top":"15","left":"15","right":"15","bottom":"15"},"background-color":"#f5fcfe","background-image":"images/joomlashine/sample/box-blue.png","background-image-settings":{"repeat":"repeat-x","attachment":"scroll","position":"left bottom"},"border":""}},"module-style-blue2":{"container":{"padding":{"top":"0","bottom":"15","right":"15","left":"15"},"background-color":"#2b5783","background-image":"images/joomlashine/sample/richbox-2.png","background-image-settings":{"repeat":"repeat-x","attachment":"scroll","position":"left bottom"},"border":""},"title":{"bg-color":"","text-color":"#ffffff","text-transform":"","font-size":"15","text-icon-size":"","text-icon-color":""},"link":{"link-color":"","link-hover-color":""}}},"menu":{"item_menu":{"root":{"font-size":"13","text-transform":"","background-color":"","color":"#cccccc","background-color-hover":"","link-color-hover":"#ffffff"}}},"changed":false},"label":"Green","thumb":"https://placeholdit.imgix.net/~text?txtsize=30&txt=320%C3%97240&w=320&h=240"},"Red":{"label":"Red","file":"/templates/jsn_epic2/styles/Red.json","thumb":"https://placeholdit.imgix.net/~text?txtsize=30&txt=320%C3%97240&w=320&h=240","data":{"appliedStyle":"","currentGroup":"general","editing":"page","general":{"page":{"outer-background-color":"#3b0f0f","outer-background-image":"images/joomlashine/sample/bg-red.jpeg","outer-background-image-settings":{"repeat":"repeat-x","position":"left top","attachment":"fixed"}},"page-inner":{"inner-background-color":"#ffffff","inner-border":{"universal":"0","right-width":"2","right-style":"solid","right-color":"#000000","left-width":"2","left-style":"solid","left-color":"#000000"},"inner-box-shadow":""},"content":{"text-color":"#333333","content-font-type":"standard","content-standard-font-family":"Arial, Helvetica, sans-serif","content-google-font-family":"","font-weight":"","font-size-base":"12","line-height-base":"1.7"},"heading":{"headings-color":"#000","headings-font-type":"google","headings-standard-font-family":"","headings-google-font-family":{"family":"Nobile:regular,italic,700","variant":"700"},"headings-font-weight":"","headings-font-style":"","headings-text-transform":"","headings-text-shadow":"","headings-base-size":"7","headings-line-height":"1.7","headings-letter-spacing":0},"link":{"link-color":"","link-hover-color":"#444444"},"default-button":{"btn-default-padding":{"top":"6","bottom":"6","right":"12","left":"12"},"btn-default-bg":"","btn-default-border-all":{"universal":"1","width":"1","style":"solid","color":"#cccccc"},"btn-default-radius":"","btn-default-box-shadow":"","btn-default-color":"#333333","btn-default-font-weight":"bold","btn-default-font-style":"","btn-default-text-transform":"","btn-default-text-shadow":"","btn-default-base-size":"13","btn-default-letter-spacing":0,"btn-default-bg-hover":"","btn-default-border-hover":"","btn-default-color-hover":""},"color":{"main-color":"#bf0000","sub-color":"#F86201"}},"sections":{"section_header":{"link":{"custom":"1","link-color":"#000000","link-color-hover":"#000000"}},"section_main-menu":{"container":{"background-color":"#282828","background-image":"","background-image-settings":"","border":""}},"section_content-top":{"container":{"background-color":"#595959","background-image":"images/joomlashine/sample/bg-promo.jpg","background-image-settings":{"repeat":"repeat-x","attachment":"scroll","position":"left top"},"border":{"universal":"0","width":"","bottom-width":"5","bottom-style":"solid","bottom-color":"#404040"}}},"section_footer":{"container":{"background-color":"#ffffff","background-image":"","background-image-settings":"","border":{"universal":"0","top-width":"1","top-style":"solid","top-color":"#b3b3b3"}},"content":{"custom":"1","color":"#595959","font-size-base":"11","line-height":"1.7"}},"section_content-bottoms":{"container":{"background-color":"#d9d9d9","background-image":"images/joomlashine/sample/bg-usermodules3.png","background-image-settings":{"repeat":"repeat-x","attachment":"scroll","position":"left top"},"border":{"universal":"0","bottom-width":"6","bottom-style":"solid","bottom-color":"#404040"}}}},"module":{"module-style-gray":{"title":{"bg-color":"","text-color":"#ffffff","text-transform":"","font-size":"15","text-icon-size":"","text-icon-color":""},"content":{"color":"#D4D4D4","font-size":""}},"module-style-richbox":{"container":{"padding":"","background-color":"#323232","background-image":"images/joomlashine/sample/richbox-1.png","background-image-settings":{"repeat":"repeat-x","attachment":"scroll","position":"left bottom"},"border":""},"title":{"bg-color":"","text-color":"#ffffff","text-transform":"","font-size":"15","text-icon-size":"","text-icon-color":"#FED311"}},"module-style-solid":{"container":{"padding":{"top":"15","bottom":"15","right":"15","left":"15"},"background-color":"#fefef5","background-image":"images/joomlashine/sample/solid-1.png","background-image-settings":{"repeat":"repeat-x","attachment":"scroll","position":"left bottom"},"border":""},"title":{"bg-color":"","text-color":"#000000","text-transform":"","font-size":"15","text-icon-size":"","text-icon-color":""}},"module-style-green":{"container":{"padding":{"top":"15","left":"15","bottom":"15","right":"15"},"background-color":"#fafef5","background-image":"images/joomlashine/sample/box-green.png","background-image-settings":{"repeat":"repeat-x","attachment":"scroll","position":"left bottom"},"border":""},"title":{"bg-color":"","text-color":"#000000","text-transform":"","font-size":"15","text-icon-size":"","text-icon-color":""}},"module-style-blue":{"title":{"bg-color":"","text-color":"#000000","text-transform":"","font-size":"15","text-icon-size":"","text-icon-color":""},"container":{"padding":{"top":"15","left":"15","right":"15","bottom":"15"},"background-color":"#f5fcfe","background-image":"images/joomlashine/sample/box-blue.png","background-image-settings":{"repeat":"repeat-x","attachment":"scroll","position":"left bottom"},"border":""}},"module-style-blue2":{"container":{"padding":{"top":"0","bottom":"15","right":"15","left":"15"},"background-color":"#2b5783","background-image":"images/joomlashine/sample/richbox-2.png","background-image-settings":{"repeat":"repeat-x","attachment":"scroll","position":"left bottom"},"border":""},"title":{"bg-color":"","text-color":"#ffffff","text-transform":"","font-size":"15","text-icon-size":"","text-icon-color":""},"link":{"link-color":"","link-hover-color":""}}},"menu":{"item_menu":{"root":{"font-size":"13","text-transform":"","background-color":"","color":"#cccccc","background-color-hover":"","link-color-hover":"#ffffff"}}},"changed":false}},"Violet":{"data":{"appliedStyle":"","currentGroup":"general","editing":"color","general":{"page":{"outer-background-color":"#32182e","outer-background-image":"images/joomlashine/sample/bg-violet.jpeg","outer-background-image-settings":{"repeat":"repeat-x","position":"left top","attachment":"fixed"}},"page-inner":{"inner-background-color":"#ffffff","inner-border":{"universal":"0","right-width":"2","right-style":"solid","right-color":"#000000","left-width":"2","left-style":"solid","left-color":"#000000"},"inner-box-shadow":""},"content":{"text-color":"#333333","content-font-type":"standard","content-standard-font-family":"Arial, Helvetica, sans-serif","content-google-font-family":"","font-weight":"","font-size-base":"12","line-height-base":"1.7"},"heading":{"headings-color":"#000","headings-font-type":"google","headings-standard-font-family":"","headings-google-font-family":{"family":"Nobile:regular,italic,700","variant":"700"},"headings-font-weight":"","headings-font-style":"","headings-text-transform":"","headings-text-shadow":"","headings-base-size":"7","headings-line-height":"1.7","headings-letter-spacing":0},"link":{"link-color":"","link-hover-color":"#444444"},"default-button":{"btn-default-padding":{"top":"6","bottom":"6","right":"12","left":"12"},"btn-default-bg":"","btn-default-border-all":{"universal":"1","width":"1","style":"solid","color":"#cccccc"},"btn-default-radius":"","btn-default-box-shadow":"","btn-default-color":"#333333","btn-default-font-weight":"bold","btn-default-font-style":"","btn-default-text-transform":"","btn-default-text-shadow":"","btn-default-base-size":"13","btn-default-letter-spacing":0,"btn-default-bg-hover":"","btn-default-border-hover":"","btn-default-color-hover":""},"color":{"main-color":"#9e0084","sub-color":"#F86201"}},"sections":{"section_header":{"link":{"custom":"1","link-color":"#000000","link-color-hover":"#000000"}},"section_main-menu":{"container":{"background-color":"#282828","background-image":"","background-image-settings":"","border":""}},"section_content-top":{"container":{"background-color":"#595959","background-image":"images/joomlashine/sample/bg-promo.jpg","background-image-settings":{"repeat":"repeat-x","attachment":"scroll","position":"left top"},"border":{"universal":"0","width":"","bottom-width":"5","bottom-style":"solid","bottom-color":"#404040"}}},"section_footer":{"container":{"background-color":"#ffffff","background-image":"","background-image-settings":"","border":{"universal":"0","top-width":"1","top-style":"solid","top-color":"#b3b3b3"}},"content":{"custom":"1","color":"#595959","font-size-base":"11","line-height":"1.7"}},"section_content-bottoms":{"container":{"background-color":"#d9d9d9","background-image":"images/joomlashine/sample/bg-usermodules3.png","background-image-settings":{"repeat":"repeat-x","attachment":"scroll","position":"left top"},"border":{"universal":"0","bottom-width":"6","bottom-style":"solid","bottom-color":"#404040"}}}},"module":{"module-style-gray":{"title":{"bg-color":"","text-color":"#ffffff","text-transform":"","font-size":"15","text-icon-size":"","text-icon-color":""},"content":{"color":"#D4D4D4","font-size":""}},"module-style-richbox":{"container":{"padding":"","background-color":"#323232","background-image":"images/joomlashine/sample/richbox-1.png","background-image-settings":{"repeat":"repeat-x","attachment":"scroll","position":"left bottom"},"border":""},"title":{"bg-color":"","text-color":"#ffffff","text-transform":"","font-size":"15","text-icon-size":"","text-icon-color":"#FED311"}},"module-style-solid":{"container":{"padding":{"top":"15","bottom":"15","right":"15","left":"15"},"background-color":"#fefef5","background-image":"images/joomlashine/sample/solid-1.png","background-image-settings":{"repeat":"repeat-x","attachment":"scroll","position":"left bottom"},"border":""},"title":{"bg-color":"","text-color":"#000000","text-transform":"","font-size":"15","text-icon-size":"","text-icon-color":""}},"module-style-green":{"container":{"padding":{"top":"15","left":"15","bottom":"15","right":"15"},"background-color":"#fafef5","background-image":"images/joomlashine/sample/box-green.png","background-image-settings":{"repeat":"repeat-x","attachment":"scroll","position":"left bottom"},"border":""},"title":{"bg-color":"","text-color":"#000000","text-transform":"","font-size":"15","text-icon-size":"","text-icon-color":""}},"module-style-blue":{"title":{"bg-color":"","text-color":"#000000","text-transform":"","font-size":"15","text-icon-size":"","text-icon-color":""},"container":{"padding":{"top":"15","left":"15","right":"15","bottom":"15"},"background-color":"#f5fcfe","background-image":"images/joomlashine/sample/box-blue.png","background-image-settings":{"repeat":"repeat-x","attachment":"scroll","position":"left bottom"},"border":""}},"module-style-blue2":{"container":{"padding":{"top":"0","bottom":"15","right":"15","left":"15"},"background-color":"#2b5783","background-image":"images/joomlashine/sample/richbox-2.png","background-image-settings":{"repeat":"repeat-x","attachment":"scroll","position":"left bottom"},"border":""},"title":{"bg-color":"","text-color":"#ffffff","text-transform":"","font-size":"15","text-icon-size":"","text-icon-color":""},"link":{"link-color":"","link-hover-color":""}}},"menu":{"item_menu":{"root":{"font-size":"13","text-transform":"","background-color":"","color":"#cccccc","background-color-hover":"","link-color-hover":"#ffffff"}}},"changed":false},"label":"Violet","thumb":"https://placeholdit.imgix.net/~text?txtsize=30&txt=320%C3%97240&w=320&h=240"},"Orange":{"data":{"appliedStyle":"","currentGroup":"general","editing":"color","general":{"page":{"outer-background-color":"#542d12","outer-background-image":"images/joomlashine/sample/bg-orange.jpeg","outer-background-image-settings":{"repeat":"repeat-x","position":"left top","attachment":"fixed"}},"page-inner":{"inner-background-color":"#ffffff","inner-border":{"universal":"0","right-width":"2","right-style":"solid","right-color":"#000000","left-width":"2","left-style":"solid","left-color":"#000000"},"inner-box-shadow":""},"content":{"text-color":"#333333","content-font-type":"standard","content-standard-font-family":"Arial, Helvetica, sans-serif","content-google-font-family":"","font-weight":"","font-size-base":"12","line-height-base":"1.7"},"heading":{"headings-color":"#000","headings-font-type":"google","headings-standard-font-family":"","headings-google-font-family":{"family":"Nobile:regular,italic,700","variant":"700"},"headings-font-weight":"","headings-font-style":"","headings-text-transform":"","headings-text-shadow":"","headings-base-size":"7","headings-line-height":"1.7","headings-letter-spacing":0},"link":{"link-color":"","link-hover-color":"#444444"},"default-button":{"btn-default-padding":{"top":"6","bottom":"6","right":"12","left":"12"},"btn-default-bg":"","btn-default-border-all":{"universal":"1","width":"1","style":"solid","color":"#cccccc"},"btn-default-radius":"","btn-default-box-shadow":"","btn-default-color":"#333333","btn-default-font-weight":"bold","btn-default-font-style":"","btn-default-text-transform":"","btn-default-text-shadow":"","btn-default-base-size":"13","btn-default-letter-spacing":0,"btn-default-bg-hover":"","btn-default-border-hover":"","btn-default-color-hover":""},"color":{"main-color":"#e66000","sub-color":"#F86201"}},"sections":{"section_header":{"link":{"custom":"1","link-color":"#000000","link-color-hover":"#000000"}},"section_main-menu":{"container":{"background-color":"#282828","background-image":"","background-image-settings":"","border":""}},"section_content-top":{"container":{"background-color":"#595959","background-image":"images/joomlashine/sample/bg-promo.jpg","background-image-settings":{"repeat":"repeat-x","attachment":"scroll","position":"left top"},"border":{"universal":"0","width":"","bottom-width":"5","bottom-style":"solid","bottom-color":"#404040"}}},"section_footer":{"container":{"background-color":"#ffffff","background-image":"","background-image-settings":"","border":{"universal":"0","top-width":"1","top-style":"solid","top-color":"#b3b3b3"}},"content":{"custom":"1","color":"#595959","font-size-base":"11","line-height":"1.7"}},"section_content-bottoms":{"container":{"background-color":"#d9d9d9","background-image":"images/joomlashine/sample/bg-usermodules3.png","background-image-settings":{"repeat":"repeat-x","attachment":"scroll","position":"left top"},"border":{"universal":"0","bottom-width":"6","bottom-style":"solid","bottom-color":"#404040"}}}},"module":{"module-style-gray":{"title":{"bg-color":"","text-color":"#ffffff","text-transform":"","font-size":"15","text-icon-size":"","text-icon-color":""},"content":{"color":"#D4D4D4","font-size":""}},"module-style-richbox":{"container":{"padding":"","background-color":"#323232","background-image":"images/joomlashine/sample/richbox-1.png","background-image-settings":{"repeat":"repeat-x","attachment":"scroll","position":"left bottom"},"border":""},"title":{"bg-color":"","text-color":"#ffffff","text-transform":"","font-size":"15","text-icon-size":"","text-icon-color":"#FED311"}},"module-style-solid":{"container":{"padding":{"top":"15","bottom":"15","right":"15","left":"15"},"background-color":"#fefef5","background-image":"images/joomlashine/sample/solid-1.png","background-image-settings":{"repeat":"repeat-x","attachment":"scroll","position":"left bottom"},"border":""},"title":{"bg-color":"","text-color":"#000000","text-transform":"","font-size":"15","text-icon-size":"","text-icon-color":""}},"module-style-green":{"container":{"padding":{"top":"15","left":"15","bottom":"15","right":"15"},"background-color":"#fafef5","background-image":"images/joomlashine/sample/box-green.png","background-image-settings":{"repeat":"repeat-x","attachment":"scroll","position":"left bottom"},"border":""},"title":{"bg-color":"","text-color":"#000000","text-transform":"","font-size":"15","text-icon-size":"","text-icon-color":""}},"module-style-blue":{"title":{"bg-color":"","text-color":"#000000","text-transform":"","font-size":"15","text-icon-size":"","text-icon-color":""},"container":{"padding":{"top":"15","left":"15","right":"15","bottom":"15"},"background-color":"#f5fcfe","background-image":"images/joomlashine/sample/box-blue.png","background-image-settings":{"repeat":"repeat-x","attachment":"scroll","position":"left bottom"},"border":""}},"module-style-blue2":{"container":{"padding":{"top":"0","bottom":"15","right":"15","left":"15"},"background-color":"#2b5783","background-image":"images/joomlashine/sample/richbox-2.png","background-image-settings":{"repeat":"repeat-x","attachment":"scroll","position":"left bottom"},"border":""},"title":{"bg-color":"","text-color":"#ffffff","text-transform":"","font-size":"15","text-icon-size":"","text-icon-color":""},"link":{"link-color":"","link-hover-color":""}}},"menu":{"item_menu":{"root":{"font-size":"13","text-transform":"","background-color":"","color":"#cccccc","background-color-hover":"","link-color-hover":"#ffffff"}}},"changed":false},"label":"Orange","thumb":"https://placeholdit.imgix.net/~text?txtsize=30&txt=320%C3%97240&w=320&h=240"},"grey":{"data":{"appliedStyle":"","currentGroup":"general","editing":"color","general":{"page":{"outer-background-color":"#333333","outer-background-image":"images/joomlashine/sample/bg-grey.jpeg","outer-background-image-settings":{"repeat":"repeat-x","position":"left top","attachment":"fixed"}},"page-inner":{"inner-background-color":"#ffffff","inner-border":{"universal":"0","right-width":"2","right-style":"solid","right-color":"#000000","left-width":"2","left-style":"solid","left-color":"#000000"},"inner-box-shadow":""},"content":{"text-color":"#333333","content-font-type":"standard","content-standard-font-family":"Arial, Helvetica, sans-serif","content-google-font-family":"","font-weight":"","font-size-base":"12","line-height-base":"1.7"},"heading":{"headings-color":"#000","headings-font-type":"google","headings-standard-font-family":"","headings-google-font-family":{"family":"Nobile:regular,italic,700","variant":"700"},"headings-font-weight":"","headings-font-style":"","headings-text-transform":"","headings-text-shadow":"","headings-base-size":"7","headings-line-height":"1.7","headings-letter-spacing":0},"link":{"link-color":"","link-hover-color":"#444444"},"default-button":{"btn-default-padding":{"top":"6","bottom":"6","right":"12","left":"12"},"btn-default-bg":"","btn-default-border-all":{"universal":"1","width":"1","style":"solid","color":"#cccccc"},"btn-default-radius":"","btn-default-box-shadow":"","btn-default-color":"#333333","btn-default-font-weight":"bold","btn-default-font-style":"","btn-default-text-transform":"","btn-default-text-shadow":"","btn-default-base-size":"13","btn-default-letter-spacing":0,"btn-default-bg-hover":"","btn-default-border-hover":"","btn-default-color-hover":""},"color":{"main-color":"#333333","sub-color":"#F86201"}},"sections":{"section_header":{"link":{"custom":"1","link-color":"#000000","link-color-hover":"#000000"}},"section_main-menu":{"container":{"background-color":"#282828","background-image":"","background-image-settings":"","border":""}},"section_content-top":{"container":{"background-color":"#595959","background-image":"images/joomlashine/sample/bg-promo.jpg","background-image-settings":{"repeat":"repeat-x","attachment":"scroll","position":"left top"},"border":{"universal":"0","width":"","bottom-width":"5","bottom-style":"solid","bottom-color":"#404040"}}},"section_footer":{"container":{"background-color":"#ffffff","background-image":"","background-image-settings":"","border":{"universal":"0","top-width":"1","top-style":"solid","top-color":"#b3b3b3"}},"content":{"custom":"1","color":"#595959","font-size-base":"11","line-height":"1.7"}},"section_content-bottoms":{"container":{"background-color":"#d9d9d9","background-image":"images/joomlashine/sample/bg-usermodules3.png","background-image-settings":{"repeat":"repeat-x","attachment":"scroll","position":"left top"},"border":{"universal":"0","bottom-width":"6","bottom-style":"solid","bottom-color":"#404040"}}}},"module":{"module-style-gray":{"title":{"bg-color":"","text-color":"#ffffff","text-transform":"","font-size":"15","text-icon-size":"","text-icon-color":""},"content":{"color":"#D4D4D4","font-size":""}},"module-style-richbox":{"container":{"padding":"","background-color":"#323232","background-image":"images/joomlashine/sample/richbox-1.png","background-image-settings":{"repeat":"repeat-x","attachment":"scroll","position":"left bottom"},"border":""},"title":{"bg-color":"","text-color":"#ffffff","text-transform":"","font-size":"15","text-icon-size":"","text-icon-color":"#FED311"}},"module-style-solid":{"container":{"padding":{"top":"15","bottom":"15","right":"15","left":"15"},"background-color":"#fefef5","background-image":"images/joomlashine/sample/solid-1.png","background-image-settings":{"repeat":"repeat-x","attachment":"scroll","position":"left bottom"},"border":""},"title":{"bg-color":"","text-color":"#000000","text-transform":"","font-size":"15","text-icon-size":"","text-icon-color":""}},"module-style-green":{"container":{"padding":{"top":"15","left":"15","bottom":"15","right":"15"},"background-color":"#fafef5","background-image":"images/joomlashine/sample/box-green.png","background-image-settings":{"repeat":"repeat-x","attachment":"scroll","position":"left bottom"},"border":""},"title":{"bg-color":"","text-color":"#000000","text-transform":"","font-size":"15","text-icon-size":"","text-icon-color":""}},"module-style-blue":{"title":{"bg-color":"","text-color":"#000000","text-transform":"","font-size":"15","text-icon-size":"","text-icon-color":""},"container":{"padding":{"top":"15","left":"15","right":"15","bottom":"15"},"background-color":"#f5fcfe","background-image":"images/joomlashine/sample/box-blue.png","background-image-settings":{"repeat":"repeat-x","attachment":"scroll","position":"left bottom"},"border":""}},"module-style-blue2":{"container":{"padding":{"top":"0","bottom":"15","right":"15","left":"15"},"background-color":"#2b5783","background-image":"images/joomlashine/sample/richbox-2.png","background-image-settings":{"repeat":"repeat-x","attachment":"scroll","position":"left bottom"},"border":""},"title":{"bg-color":"","text-color":"#ffffff","text-transform":"","font-size":"15","text-icon-size":"","text-icon-color":""},"link":{"link-color":"","link-hover-color":""}}},"menu":{"item_menu":{"root":{"font-size":"13","text-transform":"","background-color":"","color":"#cccccc","background-color-hover":"","link-color-hover":"#ffffff"}}},"changed":false},"label":"grey","thumb":"https://placeholdit.imgix.net/~text?txtsize=30&txt=320%C3%97240&w=320&h=240"}},"group":"general","editing":"page"}