{"max_page_width":"1205","layout_manager":"[{\"position\":\"top-wrapper\",\"type\":\"wrapper\",\"width\":\"row-fluid\",\"childs\":[{\"position\":\"logo\",\"type\":\"locked\",\"width\":\"span3\"},{\"position\":\"mainmenu\",\"type\":\"locked\",\"width\":\"span9\"}],\"level\":0,\"pCid\":\"root\",\"pID\":\"layoutManager\"},{\"position\":\"header\",\"type\":\"locked\",\"width\":\"row-fluid\",\"level\":0,\"pCid\":\"root\",\"pID\":\"layoutManager\"},{\"position\":\"top\",\"type\":\"module\",\"width\":\"row-fluid\",\"default_width\":\"5\",\"advanced\":\"0\",\"modules\":[{\"width_desktop\":\"6\",\"width_tablet\":\"6\",\"width_mobile\":\"6\"},{\"width_desktop\":\"3\",\"width_tablet\":\"6\",\"width_mobile\":\"6\"},{\"width_desktop\":\"3\",\"width_tablet\":\"4\",\"width_mobile\":\"6\"},{\"width_desktop\":\"6\",\"width_tablet\":\"4\",\"width_mobile\":\"6\"},{\"width_desktop\":\"6\",\"width_tablet\":\"4\",\"width_mobile\":\"3\"},{\"width_desktop\":\"12\",\"width_tablet\":\"12\",\"width_mobile\":\"3\"},{\"width_desktop\":\"3\",\"width_tablet\":\"3\",\"width_mobile\":\"3\"},{\"width_desktop\":\"3\",\"width_tablet\":\"3\",\"width_mobile\":\"3\"},{\"width_desktop\":\"3\",\"width_tablet\":\"3\",\"width_mobile\":\"3\"},{\"width_desktop\":\"3\",\"width_tablet\":\"3\",\"width_mobile\":\"3\"},{\"width_desktop\":\"3\",\"width_tablet\":\"3\",\"width_mobile\":\"3\"},{\"width_desktop\":\"3\",\"width_tablet\":\"3\",\"width_mobile\":\"3\"},{\"width_desktop\":\"3\",\"width_tablet\":\"3\",\"width_mobile\":\"3\"},{\"width_desktop\":\"3\",\"width_tablet\":\"3\",\"width_mobile\":\"3\"},{\"width_desktop\":\"3\",\"width_tablet\":\"3\",\"width_mobile\":\"3\"},{\"width_desktop\":\"3\",\"width_tablet\":\"3\",\"width_mobile\":\"3\"},{\"width_desktop\":\"3\",\"width_tablet\":\"3\",\"width_mobile\":\"3\"}],\"level\":0,\"pCid\":\"root\",\"pID\":\"layoutManager\"},{\"position\":\"content-wrapper\",\"type\":\"wrapper\",\"width\":\"row-fluid\",\"childs\":[{\"position\":\"mainbody-wrapper\",\"type\":\"wrapper\",\"width\":\"span9\",\"childs\":[{\"position\":\"breadcrumb\",\"type\":\"module\",\"width\":\"row-fluid\",\"default_width\":\"5\",\"advanced\":\"0\",\"modules\":[{\"width_desktop\":\"12\",\"width_tablet\":\"12\",\"width_mobile\":\"12\"}]},{\"position\":\"mainbody_top\",\"type\":\"module\",\"width\":\"row-fluid\",\"default_width\":\"5\",\"advanced\":\"0\",\"modules\":[{\"width_desktop\":\"6\",\"width_tablet\":\"12\",\"width_mobile\":\"12\"}]},{\"position\":\"mainbody\",\"type\":\"locked\",\"width\":\"row-fluid\"},{\"position\":\"mainbody_bottom\",\"type\":\"module\",\"width\":\"row-fluid\",\"default_width\":\"5\",\"advanced\":\"0\",\"modules\":[{\"width_desktop\":\"3\",\"width_tablet\":\"3\",\"width_mobile\":\"3\"},{\"width_desktop\":\"3\",\"width_tablet\":\"3\",\"width_mobile\":\"3\"},{\"width_desktop\":\"3\",\"width_tablet\":\"3\",\"width_mobile\":\"3\"},{\"width_desktop\":\"3\",\"width_tablet\":\"3\",\"width_mobile\":\"3\"}]}]},{\"position\":\"sidebar\",\"type\":\"module\",\"float\":\"right\",\"width\":\"span3\",\"default_width\":\"5\",\"advanced\":\"0\",\"sibling\":\"mainbody-wrapper\"}],\"level\":0,\"pCid\":\"root\",\"pID\":\"layoutManager\"},{\"position\":\"bottom\",\"type\":\"module\",\"width\":\"row-fluid\",\"default_width\":\"5\",\"advanced\":\"0\",\"modules\":[{\"width_desktop\":\"2\",\"width_tablet\":\"4\",\"width_mobile\":\"4\"},{\"width_desktop\":\"2\",\"width_tablet\":\"3\",\"width_mobile\":\"3\"},{\"width_desktop\":\"2\",\"width_tablet\":\"3\",\"width_mobile\":\"3\"},{\"width_desktop\":\"2\",\"width_tablet\":\"2\",\"width_mobile\":\"3\"},{\"width_desktop\":\"2\",\"width_tablet\":\"3\",\"width_mobile\":\"3\"},{\"width_desktop\":\"2\",\"width_tablet\":\"3\",\"width_mobile\":\"3\"},{\"width_desktop\":\"6\",\"width_tablet\":\"3\",\"width_mobile\":\"3\"},{\"width_desktop\":\"6\",\"width_tablet\":\"3\",\"width_mobile\":\"3\"}],\"level\":0,\"pCid\":\"root\",\"pID\":\"layoutManager\"},{\"position\":\"footer\",\"type\":\"module\",\"width\":\"span8\",\"default_width\":\"5\",\"advanced\":\"0\",\"modules\":[{\"width_desktop\":\"12\",\"width_tablet\":\"9\",\"width_mobile\":\"9\"}],\"level\":0,\"pCid\":\"root\",\"pID\":\"layoutManager\"}]","font_name_group1":"standard;Verdana, Geneva, sans-serif","font_rules_group1":"body","font_name_group2":"squirrel;Colaborate","font_rules_group2":"h1,\r\nh2,\r\nh3,\r\nh4,\r\nh5,\r\nh6,\r\n.gk-blue-button,\r\n.gk-yellow-button ","font_name_group3":"google;own;http:\/\/fonts.googleapis.com\/css?family=Open+Sans:400,300,700;Open Sans","font_rules_group3":"#gk-content h2 small","font_name_group4":"standard;Arial, Helvetica, sans-serif","font_rules_group4":"","logo_type":"css","logo_image":"","logo_text":"Meet Gavern","logo_slogan":"Free Joomla! 3.0 Template","favicon_image":"","show_category_details":"1","framework_logo":"1","copyrights":"","webmaster_contact_type":"email","webmaster_contact":"webmaster@gavick.com","google_analytics":"","menu_animation":"width_height_opacity","menu_speed":"fast","submenu_width":"200","social_pos":"right","fb_api_id":"","fb_lang":"en_US","fb_login":"1","fb_like":"1","fb_like_send":"1","fb_like_layout":"standard","fb_like_show_faces":"true","fb_like_width":"400","fb_like_action":"like","fb_like_font":"arial","fb_like_colorscheme":"light","google_plus":"1","google_plus_count":"1","google_plus_size":"medium","google_plus_lang":"en-GB","google_plus_share":"1","google_plus_share_annotation":"vertical-bubble","google_plus_share_size":"20","tweet_btn":"1","tweet_btn_data_count":"vertical","tweet_btn_data_via":"","tweet_btn_data_lang":"en","pinterest_btn":"1","pinterest_btn_style":"horizontal","excluded_arts":"","cookie_consent":"0","consenttype":"explicit","cookie_latest_version":"0","cookie_use_ssl":"0","banner_position":"bottom","banner_tag_placement":"bottom-right","cookie_style":"dark","refreshOnConsent":"0","cookiecss":"1","recompile_css":"1","recompile_bootstrap":"0","usernameless_login":"1","css_cache":"0","css_compression":"0","css_override":"1","css_prefixer":"0","js_compression":"0","css_custom":"","chrome_frame_support":"1"}