{
  "appearance": {
    "modules": {
      "module-style-richbox": {
        "container": {
          "border": "1px solid",
          "background": "red",
          "padding": "10px",
          "border-radius": "10px",
          "box-shadow": ""
        },
        "title": {
          "border-bottom": "1px solid blue",
          "bg-color": "yallow",
          "text-color": "#fff",
          "text-icon-size": "14px",
          "text-icon-color": "#fff"
        },
        "content": {
          "color": "red"
        },
        "link": {
          "link-color": "blue",
          "link-color-hover": "red"
        },
        "button": {
          "btn-default-bg": "",
          "btn-default-color": "",
          "btn-default-box-shadow": "",
          "btn-primary-bg": "",
          "btn-primary-color": "",
          "btn-primary-box-shadow": ""
        }
      },
      "module-style-blue2": {
        "container": {
          "border": "1px solid",
          "background": "red",
          "padding": "10px",
          "border-radius": "10px",
          "box-shadow": ""
        },
        "title": {
          "border-bottom": "1px solid blue",
          "bg-color": "yallow",
          "text-color": "#fff",
          "text-icon-size": "14px",
          "text-icon-color": "#fff"
        },
        "content": {
          "color": "red"
        },
        "link": {
          "link-color": "blue",
          "link-color-hover": "red"
        },
        "button": {
          "btn-default-bg": "",
          "btn-default-color": "",
          "btn-default-box-shadow": "",
          "btn-primary-bg": "",
          "btn-primary-color": "",
          "btn-primary-box-shadow": ""
        }
      },
	    "module-style-solid": {
        "container": {
          "border": "1px solid",
          "background": "red",
          "padding": "10px",
          "border-radius": "10px",
          "box-shadow": ""
        },
        "title": {
          "border-bottom": "1px solid blue",
          "bg-color": "yallow",
          "text-color": "#fff",
          "text-icon-size": "14px",
          "text-icon-color": "#fff"
        },
        "content": {
          "color": "red"
        },
        "link": {
          "link-color": "blue",
          "link-color-hover": "red"
        },
        "button": {
          "btn-default-bg": "",
          "btn-default-color": "",
          "btn-default-box-shadow": "",
          "btn-primary-bg": "",
          "btn-primary-color": "",
          "btn-primary-box-shadow": ""
        }
      },
		"module-style-green": {
        "container": {
          "border": "1px solid",
          "background": "red",
          "padding": "10px",
          "border-radius": "10px",
          "box-shadow": ""
        },
        "title": {
          "border-bottom": "1px solid blue",
          "bg-color": "yallow",
          "text-color": "#fff",
          "text-icon-size": "14px",
          "text-icon-color": "#fff"
        },
        "content": {
          "color": "red"
        },
        "link": {
          "link-color": "blue",
          "link-color-hover": "red"
        },
        "button": {
          "btn-default-bg": "",
          "btn-default-color": "",
          "btn-default-box-shadow": "",
          "btn-primary-bg": "",
          "btn-primary-color": "",
          "btn-primary-box-shadow": ""
        }
      },
      "module-style-gray": {
        "container": {
          "border": "1px solid",
          "background": "red",
          "padding": "10px",
          "border-radius": "10px",
          "box-shadow": ""
        },
        "title": {
          "border-bottom": "1px solid blue",
          "bg-color": "yallow",
          "text-color": "#fff",
          "text-icon-size": "14px",
          "text-icon-color": "#fff"
        },
        "content": {
          "color": "red"
        },
        "link": {
          "link-color": "blue",
          "link-color-hover": "red"
        },
        "button": {
          "btn-default-bg": "",
          "btn-default-color": "",
          "btn-default-box-shadow": "",
          "btn-primary-bg": "",
          "btn-primary-color": "",
          "btn-primary-box-shadow": ""
        }
      },
      "module-style-blue": {
        "container": {
          "border": "1px solid",
          "background": "red",
          "padding": "10px",
          "border-radius": "10px",
          "box-shadow": ""
        },
        "title": {
          "border-bottom": "1px solid blue",
          "bg-color": "yallow",
          "text-color": "#fff",
          "text-icon-size": "14px",
          "text-icon-color": "#fff"
        },
        "content": {
          "color": "red"
        },
        "link": {
          "link-color": "blue",
          "link-color-hover": "red"
        },
        "button": {
          "btn-default-bg": "",
          "btn-default-color": "",
          "btn-default-box-shadow": "",
          "btn-primary-bg": "",
          "btn-primary-color": "",
          "btn-primary-box-shadow": ""
        }
      }
    }
  }
}