{"appliedLayout":"","currentScreen":"lg","settings":{"enable_responsive":1,"show_desktop_switcher":1,"enable_boxed_layout":"1","width_boxed_layout":"960","margin":"","go_to_top":"1","icon_go_to_top":"fa fa-arrow-circle-o-up","text_go_to_top":"Go to Top","color_go_to_top":"","bg_go_to_top":"","ps_go_to_top":"","show_branding_link":0,"branding_link_text":""},"sections":[{"id":"section_header","label":"Header","settings":{"name":"Header","identification_code":"item_1026433280128","full_width":null,"enable_sticky":0,"margin":"","padding":{"top":"20","left":"20","right":"20","bottom":"20"},"class":"epic-header"},"rows":[0]},{"id":"section_main-menu","label":"Main Menu","settings":{"name":"Main Menu","identification_code":"item_1216346661604","full_width":1,"enable_sticky":null,"margin":"","padding":"","class":"menu-head ismobile-style"},"rows":[1]},{"id":"section_content-top","label":"Content Top","settings":{"name":"Content Top","identification_code":"item_499859975933","full_width":null,"enable_sticky":0,"margin":"","padding":"","class":""},"rows":[2,6]},{"id":"section_main-content","label":"Main Content","settings":{"name":"Main Content","identification_code":"item_552073175690","full_width":null,"enable_sticky":0,"margin":"","padding":"","class":"main-content"},"rows":[3]},{"id":"section_content-bottom","label":"Content Bottom","settings":{"name":"Content Bottom","identification_code":"item_1279502269861","full_width":null,"enable_sticky":0,"margin":"","padding":{"bottom":"15","top":"15","left":"","right":""},"class":"lightgrey-bg"},"rows":[7,4]},{"id":"section_footer","label":"Footer","settings":{"name":"Footer","identification_code":"item_998577099591","full_width":null,"enable_sticky":0,"margin":"","padding":{"top":"14","bottom":"14","left":"","right":""},"class":"footer"},"rows":[5]},{"id":"section_demo-builder","label":"Demo builder","settings":{"name":"Demo builder","identification_code":"item_150770517477","full_width":1,"enable_sticky":0,"margin":"","padding":"","class":""},"rows":[8]},{"id":"section_top","settings":{"name":"Top","identification_code":"item_s8HuYJG1","full_width":null,"enable_sticky":0,"margin":"","padding":"","class":""},"rows":[9],"label":"Top"},{"id":"section_sticky-top","settings":{"name":"Sticky Top","identification_code":"item_gJ0ccsqt","full_width":1,"enable_sticky":0,"margin":"","padding":"","class":"test"},"rows":[10]},null,null,{"id":"section_sticky-middle","settings":{"name":"Sticky Middle","identification_code":"item_gJ0ccsqt","full_width":1,"enable_sticky":0,"margin":"","padding":"","class":""},"rows":[13]},{"id":"section_sticky-bottom","settings":{"name":"Sticky Bottom","identification_code":"item_gJ0ccsqt","full_width":null,"enable_sticky":0,"margin":"","padding":"","class":""},"rows":[14]}],"rows":[{"id":"row_row-0","label":"Row #0","settings":{"name":"Row #0","identification_code":"item_497667191771","margin":"","padding":"","class":""},"columns":[0,22]},{"id":"row_row-1","label":"Row #1","settings":{"name":"Row #1","identification_code":"item_1266252118897","margin":"","padding":"","class":""},"columns":[3]},{"id":"row_row-2","label":"Row #2","settings":{"name":"Row #2","identification_code":"item_1389587929209","margin":"","padding":"","class":""},"columns":[14,4,5]},{"id":"row_row-3","label":"Row #3","settings":{"name":"Row #3","identification_code":"item_1189869660336","margin":"","padding":"","class":""},"columns":[6,17,7,18,8]},{"id":"row_row-4","label":"Row #4","settings":{"name":"Row #4","identification_code":"item_929010859327","margin":"","padding":"","class":""},"columns":[9,10,11]},{"id":"row_row-5","label":"Row #5","settings":[],"columns":[12,13]},{"id":"row_row-6","label":"Row #6","settings":{"margin":{"top":"15","left":"","right":"","bottom":"15"},"padding":"","class":""},"columns":[15]},{"id":"row_row-7","label":"Row #7","settings":{"name":"Row #7","identification_code":"item_465551586327","margin":"","padding":{"bottom":"0"},"class":""},"columns":[16]},{"id":"row_row-8","label":"Row #8","settings":[],"columns":[19]},{"id":"row_row-9","settings":{"name":"Row #9"},"columns":[21,20]},{"id":"row_row-10","settings":{"name":"Row #10"},"columns":[23,24]},null,null,{"id":"row_row-10-copy-_y13G4qtz","settings":{"name":"Row #10 (copy)"},"columns":[27,28]},{"id":"row_row-10-copy-copy-_hT1Ftkm5","settings":{"name":"Row #10 (copy) (copy)"},"columns":[29,30]}],"columns":[{"id":"column_column-0","label":"Column #0","settings":{"name":"Column #0","identification_code":"item_1335195082227","margin":"","padding":{"top":"0","left":"0"},"visible_in":["lg","md","sm","xs"],"class":"epic-logo"},"items":[0],"width":{"sm":6,"md":6,"lg":6,"xs":12}},null,null,{"id":"column_column-3","label":"Column #3","settings":{"class":"p-0"},"items":[3],"width":{"lg":12,"md":12,"sm":12,"xs":12}},{"id":"column_column-4","label":"Column #4","settings":{"name":"Column #4","identification_code":"item_1091245453905","margin":"","padding":{"right":"0","left":"0"},"visible_in":["lg","md","sm","xs"],"class":""},"items":[4],"width":{"sm":6,"md":6,"lg":6,"xs":12}},{"id":"column_column-5","label":"Column #5","settings":{"name":"Column #5","identification_code":"item_879508928756","margin":"","padding":"","visible_in":["lg","md","sm","xs"],"class":"promo-right"},"items":[5],"width":{"sm":3,"md":3,"lg":3,"xs":12}},{"id":"column_column-6","label":"Column #6","settings":{"name":"Column #6","identification_code":"item_558296399123","margin":"","padding":{"top":"15"},"visible_in":["lg","md","sm","xs"],"class":"content-left"},"items":[6],"width":{"sm":3,"md":3,"lg":3,"xs":12}},{"id":"column_column-7","label":"Column #7","settings":{"name":"Column #7","identification_code":"item_147286872754","margin":"","padding":{"top":"15","bottom":"15","left":"","right":""},"visible_in":["lg","md","sm","xs"],"class":""},"items":[14,23,24,15,25,7,26,27,28,18,29],"width":{"sm":2,"md":2,"lg":2,"xs":12}},{"id":"column_column-8","label":"Column #8","settings":{"name":"Column #8","identification_code":"item_510460441700","margin":"","padding":{"top":"15"},"visible_in":["lg","md","sm","xs"],"class":"content-right"},"items":[8],"width":{"sm":3,"md":3,"lg":3,"xs":12}},{"id":"column_column-9","label":"Column #9","settings":[],"items":[9],"width":{"sm":4,"md":4,"lg":4,"xs":12}},{"id":"column_column-10","label":"Column #10","settings":[],"items":[10],"width":{"sm":4,"md":4,"lg":4,"xs":12}},{"id":"column_column-11","label":"Column #11","settings":[],"items":[11],"width":{"sm":4,"md":4,"lg":4,"xs":12}},{"id":"column_column-12","label":"Column #12","settings":[],"items":[12],"width":{"sm":6,"md":6,"lg":6,"xs":12}},{"id":"column_column-13","label":"Column #13","settings":[],"items":[13],"width":{"sm":6,"md":6,"lg":6,"xs":12}},{"id":"column_column-14","label":"Column #14","settings":{"name":"Column #14","identification_code":"item_1089829237269","margin":"","padding":"","visible_in":["lg","md","sm","xs"],"class":""},"items":[16],"width":{"sm":3,"md":3,"lg":3,"xs":12}},{"id":"column_column-15","label":"Column #15","settings":[],"items":[17],"width":{"lg":12,"md":12,"sm":12,"xs":12}},{"id":"column_column-16","label":"Column #16","settings":[],"items":[19],"width":{"lg":12,"md":12,"sm":12,"xs":12}},{"id":"column_column-17","label":"Column #17","settings":{"name":"Column #17","identification_code":"item_245990817695","margin":"","padding":"","visible_in":["lg","md","sm","xs"],"class":""},"items":[20],"width":{"sm":2,"md":2,"lg":2,"xs":12}},{"id":"column_column-18","label":"Column #18","settings":{"name":"Column #18","identification_code":"item_1339685304373","margin":"","padding":"","visible_in":["lg","md","sm","xs"],"class":""},"items":[21],"width":{"sm":2,"md":2,"lg":2,"xs":12}},{"id":"column_column-19","label":"Column #19","settings":[],"items":[22],"width":{"lg":12,"md":12,"sm":12,"xs":12}},{"id":"column_column-20","width":{"lg":6,"md":6,"sm":6,"xs":6},"settings":{"name":"Column #20"},"items":[31]},{"id":"column_column-21","settings":{"name":"Column #21"},"items":[30],"width":{"lg":6,"md":6,"sm":6,"xs":6}},{"id":"column_column-22","settings":{"name":"Column #22","identification_code":"item_kSbnRa55","margin":"","padding":{"top":"","left":"39","right":"39","bottom":""},"visible_in":["lg","md","sm","xs"],"class":"align-right hidden-xs"},"items":[32],"width":{"lg":6,"md":6,"sm":6,"xs":12}},{"id":"column_column-23","width":{"lg":6,"md":6,"sm":6,"xs":12},"settings":{"name":"Column #23"},"items":[33]},{"id":"column_column-23-copy-_sj4SHw3a","width":{"lg":6,"md":6,"sm":6,"xs":12},"settings":{"name":"Column #23 (copy)"},"items":[34]},null,null,{"id":"column_column-23-copy-_NVfa53q8","width":{"lg":6,"md":6,"sm":6,"xs":12},"settings":{"name":"Column #23 (copy)"},"items":[37]},{"id":"column_column-23-copy-copy-_ZUUfSVkE","width":{"lg":6,"md":6,"sm":6,"xs":12},"settings":{"name":"Column #23 (copy) (copy)"},"items":[38]},{"id":"column_column-23-copy-copy-_TS5J7mmt","width":{"lg":6,"md":6,"sm":6,"xs":12},"settings":{"name":"Column #23 (copy) (copy)"},"items":[39]},{"id":"column_column-23-copy-copy-copy-_RfR7TrpE","width":{"lg":6,"md":6,"sm":6,"xs":12},"settings":{"name":"Column #23 (copy) (copy) (copy)"},"items":[40]}],"items":[{"id":"item_logo","type":"logo","label":"Logo","settings":{"name":"Logo","identification_code":"item_766600489168","logo":"templates/jsn_epic2_pro/images/logo.png","mobile-logo":"","alt":"","link":"","visible_in":["lg","md","sm","xs"],"class":""}},null,null,{"id":"item_menu","type":"menu","label":"Menu","settings":{"name":"Menu","identification_code":"item_64253055577","menu-type":"mainmenu","menu-item":"","menu-start-level":"1","menu-end-level":"0","menu-show-icon":1,"menu-show-description":1,"menu-show-submenu":"1","menu-sub-effect":"2","menu-mobile-target":1,"visible_in":["lg","md","sm","xs"],"class":""}},{"id":"item_promo","type":"module-position","label":"Module Position","settings":{"name":"Promo","identification_code":"item_541914655093","module-position":"promo","visible_in":["lg","md","sm","xs"],"class":""}},{"id":"item_promoright","type":"module-position","label":"Module Position","settings":{"name":"PromoRight","identification_code":"item_781152014779","module-position":"promo-right","visible_in":["lg","md","sm","xs"],"class":""}},{"id":"item_left-content","type":"module-position","label":"Module Position","settings":{"name":"Left content","identification_code":"item_735036158254","module-position":"left","visible_in":["lg","md","sm","xs"],"class":""}},{"id":"item_main-body","type":"page-content","label":"Main Body","settings":{"name":"Main Body","identification_code":"item_1018217770415","show_on_front_page":"1"}},{"id":"item_right-content","type":"module-position","label":"Module Position","settings":{"name":"Right content","identification_code":"item_201503143330","module-position":"right","visible_in":["lg","md","sm","xs"],"class":""}},{"id":"item_user5","type":"module-position","label":"Module Position","settings":{"name":"User5","identification_code":"item_764040334899","module-position":"user-5","visible_in":["lg","md","sm","xs"],"class":""}},{"id":"item_user6","type":"module-position","label":"Module Position","settings":{"name":"User6","identification_code":"item_770952698916","module-position":"user-6","visible_in":["lg","md","sm","xs"],"class":""}},{"id":"item_user7","type":"module-position","label":"Module Position","settings":{"name":"User7","identification_code":"item_589989923870","module-position":"user-7","visible_in":["lg","md","sm","xs"],"class":""}},{"id":"item_footer","type":"module-position","label":"Module Position","settings":{"name":"Footer","identification_code":"item_693958852622","module-position":"footer","visible_in":["lg","md","sm","xs"],"class":""}},{"id":"item_bottom","type":"module-position","label":"Module Position","settings":{"name":"Bottom","identification_code":"item_117379962400","module-position":"bottom","visible_in":["lg","md","sm","xs"],"class":"align-right"}},{"id":"item_breadcrumbs","type":"module-position","label":"Module Position","settings":{"name":"Breadcrumbs","identification_code":"item_967972030485","module-position":"breadcrumbs","visible_in":["lg","md","sm","xs"],"class":""}},{"id":"item_content-inner","type":"module-position","label":"Module Position","settings":{"name":"Content Inner","identification_code":"item_1326976962052","module-position":"content-inner","visible_in":["lg","md","sm","xs"],"class":""}},{"id":"item_promoleft","type":"module-position","label":"Module Position","settings":{"name":"PromoLeft","identification_code":"item_423572078805","module-position":"promo-left","visible_in":["lg","md","sm","xs"],"class":""}},{"id":"item_contenttop","type":"module-position","label":"Module Position","settings":{"name":"ContentTop","identification_code":"item_451696526799","module-position":"content-top","visible_in":["lg","md","sm","xs"],"class":""}},{"id":"item_userbottom","type":"module-position","label":"Module Position","settings":{"name":"UserBottom","identification_code":"item_945086113426","module-position":"user-bottom","visible_in":["lg","md","sm","xs"],"class":""}},{"id":"item_contentbottom","type":"module-position","label":"Module Position","settings":{"name":"ContentBottom","identification_code":"item_1207222082342","module-position":"content-bottom","visible_in":["lg","md","sm","xs"],"class":""}},{"id":"item_innerleft","type":"module-position","label":"Module Position","settings":{"name":"Innerleft","identification_code":"item_652679363332","module-position":"innerleft","visible_in":["lg","md","sm","xs"],"class":""}},{"id":"item_innerright","type":"module-position","label":"Module Position","settings":{"name":"innerright","identification_code":"item_853864355589","module-position":"innerright","visible_in":["lg","md","sm","xs"],"class":""}},{"id":"item_module","type":"joomla-module","label":"Module","settings":{"name":"Module","identification_code":"item_610932641318","module":"Demo Builder Button:277","visible_in":["lg","md","sm","xs"],"class":""}},{"id":"item_user-1","type":"module-position","settings":{"name":"User-1","identification_code":"item_1347591938003","module-position":"user-1","visible_in":["lg","md","sm","xs"],"class":"user-1 col-md-6 col-sm-6 col-xs-12"}},{"id":"item_user-2","type":"module-position","settings":{"name":"User-2","identification_code":"item_1067103935350","module-position":"user-2","visible_in":["lg","md","sm","xs"],"class":"user-2 col-md-6 col-sm-6 col-xs-12"}},{"id":"item_mainbody-top","type":"module-position","settings":{"name":"Mainbody Top","identification_code":"item_1292796363990","module-position":"mainbody-top","visible_in":["lg","md","sm","xs"],"class":""}},{"id":"item_mainbody-bottom","type":"module-position","settings":{"name":"Mainbody Bottom","identification_code":"item_286384694979","module-position":"mainbody-bottom","visible_in":["lg","md","sm","xs"],"class":""}},{"id":"item_user3","type":"module-position","settings":{"name":"User3","identification_code":"item_849240874235","module-position":"user3","visible_in":["lg","md","sm","xs"],"class":"user-3 col-md-6 col-sm-6 col-xs-12"}},{"id":"item_user4","type":"module-position","settings":{"name":"User4","identification_code":"item_925977786273","module-position":"user4","visible_in":["lg","md","sm","xs"],"class":"user-4 col-md-6 col-sm-6 col-xs-12"}},{"id":"item_banner","type":"module-position","settings":{"name":"Banner","identification_code":"item_593611000503","module-position":"banner","visible_in":["lg","md","sm","xs"],"class":""}},{"id":"item_top-left","type":"module-position","settings":{"name":"Top Left","identification_code":"item_kB79qV6D","module-position":"topleft","visible_in":["lg","md","sm","xs"],"class":""}},{"id":"item_top-right","type":"module-position","settings":{"name":"Top Right","identification_code":"item_zqqTDMFp","module-position":"topright","visible_in":["lg","md","sm","xs"],"class":""}},{"id":"item_custom-html","type":"custom-html","settings":{"name":"Custom HTML","identification_code":"item_V4YvH07A","html":"<a class=\"btn btn-info\" href=\"https://www.joomlashine.com/joomla-templates/jsn-epic.html\">Download Now</a>","visible_in":["lg","md","sm","xs"],"class":""}},{"id":"item_sticky-lefttop","type":"module-position","settings":{"name":"Sticky LeftTop","identification_code":"item_D7tw3a7R","module-position":"stick-lefttop","visible_in":["lg","md","sm","xs"],"class":""}},{"id":"item_sticky-righttop","type":"module-position","settings":{"name":"Sticky RightTop","identification_code":"item_Eyb8MNke","module-position":"stick-righttop","visible_in":["lg","md","sm","xs"],"class":""}},null,null,{"id":"item_sticky-leftmiddle","type":"module-position","settings":{"name":"Sticky LeftMiddle","identification_code":"item_D7tw3a7R","module-position":"stick-leftmiddle","visible_in":["lg","md","sm","xs"],"class":""}},{"id":"item_sticky-rightmiddle","type":"module-position","settings":{"name":"Sticky RightMiddle","identification_code":"item_Eyb8MNke","module-position":"stick-rightmiddle","visible_in":["lg","md","sm","xs"],"class":""}},{"id":"item_sticky-leftbottom","type":"module-position","settings":{"name":"Sticky LeftBottom","identification_code":"item_D7tw3a7R","module-position":"stick-leftbottom","visible_in":["lg","md","sm","xs"],"class":""}},{"id":"item_sticky-rightbottom","type":"module-position","settings":{"name":"Sticky RightBottom","identification_code":"item_Eyb8MNke","module-position":"stick-rightbottom","visible_in":["lg","md","sm","xs"],"class":""}}],"views":{"main":{"sections":[8,7,0,1,2,3,11,4,5,12,6]},"top":{"rows":[],"settings":{"show-toggle":1,"anchor-position":"center"}},"right":{"rows":[],"settings":{"identification_code":"item_614583218852","width":300,"padding":"","anchor-position":"","effect":"","class-prefix":"","visible_in":[]}},"bottom":{"rows":[],"settings":{"show-toggle":1,"anchor-position":"center"}},"left":{"rows":[],"settings":{"show-toggle":1,"anchor-position":"middle"}}},"enable_responsive":"1","show_desktop_switcher":"1","enable_boxed_layout":"1","width_boxed_layout":960,"margin":"","go_to_top":"1","icon_go_to_top":"fa fa-arrow-circle-o-up","text_go_to_top":"Go to Top","screen":"lg","editing":""}